time_s,scenario,kv_meas,tube_ma,return_ua,temp_c,flux,spot_x_um,spot_y_um,flags
0.000000,normal,50.00308,0.199971,0.54153,24.9936,1.00190,4.98719,5.10883,NONE
0.010000,normal,49.99716,0.199819,0.45052,24.9919,1.00078,4.99337,5.09409,NONE
0.020000,normal,50.00450,0.200358,0.53944,24.9946,1.00077,4.99812,5.10606,NONE
0.030000,normal,49.99640,0.200076,0.48499,25.0026,0.99833,5.00725,5.11329,NONE
0.040000,normal,49.99470,0.200005,0.48340,25.0051,1.00085,5.00881,5.10392,NONE
0.050000,normal,50.00723,0.199544,0.47572,24.9960,1.00068,5.00021,5.09707,NONE
0.060000,normal,50.00494,0.200078,0.49867,25.0100,0.99949,4.99508,5.09899,NONE
0.070000,normal,50.00544,0.200147,0.52391,24.9933,1.00081,5.00342,5.08758,NONE
0.080000,normal,49.99951,0.200153,0.52926,24.9985,0.99952,5.01313,5.10239,NONE
0.090000,normal,50.00575,0.199880,0.50867,25.0089,1.00018,5.00405,5.08985,NONE
0.100000,normal,49.99688,0.199605,0.47020,24.9939,0.99800,4.99871,5.08557,NONE
0.110000,normal,49.99529,0.200488,0.51248,24.9909,1.00030,5.00042,5.10631,NONE
0.120000,normal,50.00706,0.200469,0.54065,24.9930,0.99862,4.99867,5.10386,NONE
0.130000,normal,49.99944,0.200094,0.51598,24.9913,0.99820,4.99748,5.08868,NONE
0.140000,normal,50.00120,0.200115,0.51817,24.9956,1.00041,5.01498,5.09004,NONE
0.150000,normal,49.99702,0.200254,0.51241,24.9931,1.00085,4.99091,5.08916,NONE
0.160000,normal,49.99193,0.200459,0.51373,25.0014,1.00118,4.99003,5.09455,NONE
0.170000,normal,50.00147,0.199952,0.54857,25.0030,0.99989,4.99983,5.10458,NONE
0.180000,normal,50.00795,0.199948,0.47813,24.9976,0.99916,5.00040,5.08806,NONE
0.190000,normal,49.99474,0.200240,0.52949,24.9936,0.99992,5.01115,5.09903,NONE
0.200000,normal,49.99874,0.200257,0.47591,25.0015,1.00062,5.00276,5.08565,NONE
0.210000,normal,49.99330,0.199992,0.53512,25.0092,1.00101,5.00641,5.08776,NONE
0.220000,normal,50.00215,0.200038,0.47222,24.9989,1.00138,5.01039,5.11423,NONE
0.230000,normal,50.00197,0.200281,0.54523,25.0078,0.99948,5.01421,5.10042,NONE
0.240000,normal,49.99495,0.200329,0.53467,25.0051,1.00166,4.99030,5.08559,NONE
0.250000,normal,50.00257,0.199666,0.45922,24.9943,1.00089,4.99270,5.09197,NONE
0.260000,normal,50.00035,0.199812,0.48489,25.0071,1.00190,4.99968,5.09046,NONE
0.270000,normal,49.99119,0.199791,0.48762,25.0006,0.99929,4.99568,5.10627,NONE
0.280000,normal,49.99355,0.200144,0.52682,25.0049,0.99913,5.01470,5.11435,NONE
0.290000,normal,49.99288,0.199719,0.48745,24.9966,1.00135,4.98806,5.09757,NONE
0.300000,normal,50.00253,0.199615,0.46033,25.0004,1.00055,5.01478,5.08710,NONE
0.310000,normal,50.00531,0.199936,0.47072,25.0015,1.00053,5.00024,5.11084,NONE
0.320000,normal,49.99291,0.200476,0.54166,24.9991,1.00052,4.98974,5.10564,NONE
0.330000,normal,50.00635,0.200398,0.54045,24.9980,0.99851,5.00102,5.10983,NONE
0.340000,normal,50.00918,0.199937,0.50728,25.0037,1.00194,4.99637,5.08636,NONE
0.350000,normal,50.00412,0.200173,0.45787,24.9959,1.00087,5.00496,5.11372,NONE
0.360000,normal,50.00592,0.200268,0.51656,25.0022,0.99919,5.00308,5.09031,NONE
0.370000,normal,50.00499,0.200374,0.52434,25.0103,0.99897,5.00565,5.10631,NONE
0.380000,normal,49.99810,0.200006,0.52239,25.0086,1.00139,5.00648,5.09522,NONE
0.390000,normal,50.00454,0.200131,0.52800,25.0048,0.99930,5.01234,5.09779,NONE
0.400000,normal,49.99570,0.200215,0.52829,24.9944,0.99835,5.01120,5.10163,NONE
0.410000,normal,50.00179,0.200464,0.46448,25.0044,1.00126,4.99601,5.10469,NONE
0.420000,normal,50.00070,0.199540,0.46797,24.9917,1.00132,4.99342,5.11213,NONE
0.430000,normal,49.99774,0.200085,0.54997,24.9915,1.00173,5.00420,5.10111,NONE
0.440000,normal,49.99991,0.199502,0.52864,25.0053,0.99845,4.98857,5.09083,NONE
0.450000,normal,49.99741,0.199527,0.50891,24.9923,1.00003,5.00328,5.09010,NONE
0.460000,normal,50.00249,0.199700,0.46502,24.9914,0.99956,5.01434,5.08964,NONE
0.470000,normal,49.99193,0.200485,0.49443,25.0000,0.99981,5.01445,5.11054,NONE
0.480000,normal,49.99100,0.200361,0.49763,24.9957,0.99826,5.00005,5.08864,NONE
0.490000,normal,50.00347,0.200136,0.49365,24.9992,0.99990,5.00760,5.08816,NONE
0.500000,normal,49.99732,0.199543,0.48756,25.0073,1.00001,5.01339,5.10257,NONE
0.510000,normal,49.99392,0.200298,0.53797,24.9917,0.99985,4.98668,5.11219,NONE
0.520000,normal,50.00449,0.200375,0.51294,25.0037,1.00030,5.00279,5.10613,NONE
0.530000,normal,49.99838,0.199890,0.48688,25.0058,0.99837,5.01400,5.10783,NONE
0.540000,normal,49.99028,0.199526,0.46918,24.9929,1.00113,5.00023,5.09857,NONE
0.550000,normal,50.00813,0.200130,0.53930,24.9956,1.00031,4.98969,5.10127,NONE
0.560000,normal,49.99258,0.199689,0.45884,25.0083,1.00065,5.00158,5.08562,NONE
0.570000,normal,50.00660,0.200470,0.45447,25.0060,0.99881,4.99973,5.10529,NONE
0.580000,normal,50.00875,0.199855,0.45773,24.9946,0.99867,5.01199,5.08580,NONE
0.590000,normal,49.99637,0.200370,0.49204,25.0093,1.00083,4.99197,5.10168,NONE
0.600000,normal,50.00507,0.199568,0.52307,25.0057,1.00023,4.98914,5.09986,NONE
0.610000,normal,49.99732,0.199803,0.51375,24.9931,0.99891,4.98722,5.09793,NONE
0.620000,normal,50.00636,0.199721,0.47905,24.9982,1.00001,4.99846,5.08955,NONE
0.630000,normal,50.00688,0.199839,0.48385,24.9939,0.99909,4.99318,5.10284,NONE
0.640000,normal,50.00503,0.199954,0.45519,25.0031,0.99915,5.01016,5.10550,NONE
0.650000,normal,50.00345,0.199943,0.46792,25.0087,1.00154,4.99495,5.11471,NONE
0.660000,normal,50.00955,0.199728,0.49579,25.0071,1.00073,4.98838,5.08758,NONE
0.670000,normal,50.00605,0.199677,0.51662,24.9931,1.00075,4.99855,5.09899,NONE
0.680000,normal,49.99124,0.199962,0.48484,24.9951,1.00146,5.00548,5.09381,NONE
0.690000,normal,50.00688,0.199524,0.53819,24.9946,0.99944,4.98557,5.09693,NONE
0.700000,normal,50.00146,0.200058,0.47213,25.0022,0.99860,5.00200,5.11094,NONE
0.710000,normal,49.99118,0.200457,0.46741,25.0080,1.00046,4.98941,5.09356,NONE
0.720000,normal,50.00461,0.200475,0.52318,24.9961,1.00189,5.00044,5.10968,NONE
0.730000,normal,50.00096,0.199903,0.53590,24.9968,0.99869,4.99844,5.11068,NONE
0.740000,normal,50.00275,0.200163,0.48042,24.9963,1.00168,4.99235,5.10504,NONE
0.750000,normal,50.00789,0.199754,0.49471,25.0065,1.00136,4.99075,5.08889,NONE
0.760000,normal,50.00085,0.200258,0.49616,25.0049,0.99979,5.00866,5.09708,NONE
0.770000,normal,50.00612,0.200340,0.54169,25.0085,0.99848,5.00106,5.10001,NONE
0.780000,normal,49.99406,0.200041,0.51064,25.0066,0.99976,4.98568,5.11281,NONE
0.790000,normal,50.00048,0.199654,0.51990,24.9917,1.00106,5.01386,5.08874,NONE
0.800000,normal,49.99643,0.200282,0.48296,25.0052,0.99801,4.99027,5.10681,NONE
0.810000,normal,49.99958,0.199837,0.48408,25.0110,1.00194,4.99137,5.09706,NONE
0.820000,normal,50.00988,0.200386,0.46864,25.0054,1.00166,4.99845,5.08969,NONE
0.830000,normal,50.00869,0.199948,0.53844,24.9967,1.00143,4.99013,5.08901,NONE
0.840000,normal,50.00022,0.200151,0.45800,25.0068,1.00175,5.00095,5.08966,NONE
0.850000,normal,50.00504,0.200485,0.53446,24.9924,1.00160,4.99064,5.10330,NONE
0.860000,normal,49.99841,0.200162,0.47409,25.0023,1.00194,5.00621,5.10719,NONE
0.870000,normal,50.00934,0.199979,0.54053,24.9996,1.00034,4.99903,5.09912,NONE
0.880000,normal,50.00781,0.199827,0.46005,25.0030,1.00136,4.98562,5.09608,NONE
0.890000,normal,49.99341,0.200440,0.46086,25.0097,1.00043,4.99367,5.09304,NONE
0.900000,normal,50.00714,0.200390,0.49406,25.0104,1.00120,5.00693,5.08990,NONE
0.910000,normal,50.00629,0.200388,0.54597,24.9967,1.00045,4.99119,5.09427,NONE
0.920000,normal,50.00074,0.200069,0.53678,24.9973,0.99991,4.99836,5.09029,NONE
0.930000,normal,49.99031,0.199873,0.50756,25.0060,1.00180,5.01118,5.08820,NONE
0.940000,normal,49.99890,0.200217,0.47319,24.9976,1.00167,4.98901,5.09768,NONE
0.950000,normal,49.99714,0.200239,0.48278,24.9988,0.99941,5.01486,5.10628,NONE
0.960000,normal,49.99796,0.200250,0.53827,25.0058,0.99954,4.98728,5.09481,NONE
0.970000,normal,49.99156,0.199513,0.49271,24.9978,0.99934,4.98614,5.11087,NONE
0.980000,normal,50.00789,0.199528,0.54638,25.0065,1.00034,5.01154,5.10273,NONE
0.990000,normal,49.99004,0.200260,0.46451,24.9968,0.99849,5.01146,5.09811,NONE
1.000000,normal,49.99155,0.200483,0.45787,24.9994,1.00155,5.00081,5.09875,NONE
1.010000,normal,49.99227,0.199643,0.54133,24.9947,0.99824,5.00375,5.09739,NONE
1.020000,normal,49.99063,0.199689,0.54495,24.9936,0.99918,5.01203,5.10850,NONE
1.030000,normal,50.00920,0.200181,0.54558,25.0120,0.99997,4.99354,5.11476,NONE
1.040000,normal,50.00389,0.200220,0.54387,24.9990,1.00009,4.99946,5.10039,NONE
1.050000,normal,50.00077,0.199653,0.49563,24.9959,1.00070,4.99199,5.10541,NONE
1.060000,normal,49.99132,0.200179,0.53214,25.0016,1.00088,5.01428,5.08505,NONE
1.070000,normal,49.99243,0.200404,0.45971,25.0085,1.00034,4.98597,5.10066,NONE
1.080000,normal,50.00864,0.199762,0.53040,25.0016,0.99850,4.99416,5.09257,NONE
1.090000,normal,49.99314,0.199515,0.47002,24.9952,1.00124,5.00734,5.10292,NONE
1.100000,normal,50.00629,0.200190,0.52903,25.0054,0.99939,5.00642,5.10280,NONE
1.110000,normal,50.00908,0.200493,0.47079,25.0113,0.99964,4.98860,5.10121,NONE
1.120000,normal,50.00251,0.200326,0.46101,24.9983,0.99805,5.01035,5.10663,NONE
1.130000,normal,50.00928,0.199779,0.54295,25.0111,0.99851,4.98768,5.10552,NONE
1.140000,normal,49.99746,0.200471,0.51667,24.9955,0.99998,4.99698,5.09420,NONE
1.150000,normal,49.99206,0.200214,0.49119,24.9992,0.99997,4.98613,5.10374,NONE
1.160000,normal,50.00010,0.199612,0.50335,25.0121,0.99828,5.01415,5.10801,NONE
1.170000,normal,49.99657,0.199964,0.50269,25.0012,0.99942,4.99189,5.08599,NONE
1.180000,normal,50.00917,0.199968,0.52540,25.0095,1.00002,5.01397,5.09048,NONE
1.190000,normal,50.00209,0.200111,0.54691,25.0042,0.99950,5.00855,5.10031,NONE
1.200000,normal,50.00906,0.200037,0.47842,25.0077,1.00062,5.00440,5.11453,NONE
1.210000,normal,49.99193,0.200447,0.48937,25.0090,1.00004,5.00319,5.10739,NONE
1.220000,normal,50.00835,0.200069,0.54739,25.0053,0.99895,4.99972,5.10785,NONE
1.230000,normal,50.00781,0.199855,0.49444,24.9984,1.00111,5.01291,5.09278,NONE
1.240000,normal,50.00763,0.200055,0.45281,25.0099,1.00043,5.00220,5.10548,NONE
1.250000,normal,49.99832,0.200199,0.50035,25.0116,1.00123,5.00077,5.08875,NONE
1.260000,normal,49.99255,0.200474,0.53317,24.9972,0.99907,5.01158,5.09529,NONE
1.270000,normal,49.99014,0.199844,0.51902,25.0096,0.99980,4.99468,5.09760,NONE
1.280000,normal,49.99178,0.200227,0.46733,24.9937,1.00123,5.00661,5.10732,NONE
1.290000,normal,49.99655,0.199996,0.45120,25.0070,1.00146,4.99166,5.08970,NONE
1.300000,normal,49.99554,0.200024,0.45826,24.9974,0.99929,5.00620,5.09338,NONE
1.310000,normal,50.00425,0.199796,0.46885,24.9950,0.99817,4.99447,5.09556,NONE
1.320000,normal,50.00431,0.199989,0.50056,25.0120,0.99817,4.99310,5.09934,NONE
1.330000,normal,49.99832,0.199955,0.50938,24.9991,0.99863,5.00256,5.08788,NONE
1.340000,normal,50.00528,0.199994,0.47071,24.9951,1.00151,4.99249,5.10133,NONE
1.350000,normal,49.99776,0.200311,0.50505,25.0065,1.00003,5.00343,5.08920,NONE
1.360000,normal,50.00275,0.200255,0.49065,24.9950,0.99871,5.00861,5.10997,NONE
1.370000,normal,49.99156,0.200497,0.54292,25.0088,1.00162,5.00837,5.09068,NONE
1.380000,normal,49.99376,0.199686,0.45554,25.0056,0.99800,4.99593,5.08654,NONE
1.390000,normal,50.00835,0.199648,0.47206,25.0056,1.00142,4.98810,5.10789,NONE
1.400000,normal,50.00866,0.200304,0.46388,24.9964,1.00124,5.00454,5.10208,NONE
1.410000,normal,49.99384,0.200110,0.45116,25.0003,1.00105,4.99228,5.11007,NONE
1.420000,normal,50.00361,0.200341,0.47703,25.0109,1.00116,5.00443,5.09893,NONE
1.430000,normal,50.00946,0.200187,0.51815,25.0123,0.99919,4.99299,5.09842,NONE
1.440000,normal,50.00510,0.199612,0.54340,25.0098,1.00185,4.98669,5.09303,NONE
1.450000,normal,49.99486,0.199515,0.46991,24.9999,0.99819,5.00915,5.10704,NONE
1.460000,normal,50.00092,0.199678,0.48477,24.9954,0.99816,5.01331,5.09949,NONE
1.470000,normal,49.99737,0.200320,0.52059,24.9946,0.99834,4.98662,5.09609,NONE
1.480000,normal,49.99487,0.199552,0.53658,25.0024,1.00001,4.98853,5.09279,NONE
1.490000,normal,49.99402,0.200093,0.46798,25.0072,0.99958,5.01193,5.10943,NONE
1.500000,normal,50.00925,0.199612,0.49440,25.0062,1.00189,4.99465,5.10993,NONE
1.510000,normal,49.99820,0.199761,0.49548,24.9941,1.00030,4.99439,5.08914,NONE
1.520000,normal,49.99635,0.200132,0.52439,24.9979,0.99910,5.01162,5.11083,NONE
1.530000,normal,50.00391,0.199687,0.47752,25.0050,1.00198,4.98808,5.11475,NONE
1.540000,normal,50.00427,0.199933,0.47904,24.9944,0.99868,5.01359,5.09830,NONE
1.550000,normal,49.99809,0.200486,0.49659,25.0050,0.99931,4.98904,5.10642,NONE
1.560000,normal,49.99936,0.200196,0.50132,25.0058,0.99888,4.99472,5.10014,NONE
1.570000,normal,49.99564,0.200127,0.52517,24.9996,1.00150,5.00043,5.08668,NONE
1.580000,normal,49.99378,0.200007,0.53222,24.9947,0.99809,5.00180,5.10226,NONE
1.590000,normal,50.00527,0.199816,0.53314,25.0098,0.99917,5.00687,5.10623,NONE
1.600000,normal,50.00812,0.199762,0.53916,24.9999,1.00158,5.00041,5.10411,NONE
1.610000,normal,50.00712,0.200110,0.45631,25.0058,1.00149,5.00469,5.09176,NONE
1.620000,normal,49.99292,0.199792,0.48844,25.0097,0.99943,4.99571,5.10974,NONE
1.630000,normal,49.99719,0.200362,0.46102,25.0010,0.99946,5.00570,5.09131,NONE
1.640000,normal,50.00354,0.200409,0.47317,25.0117,0.99887,5.00559,5.09962,NONE
1.650000,normal,50.00003,0.200267,0.46953,24.9992,0.99890,5.01296,5.09027,NONE
1.660000,normal,50.00913,0.199709,0.51209,25.0078,0.99827,5.00472,5.09398,NONE
1.670000,normal,49.99132,0.199810,0.52737,25.0012,1.00145,5.00766,5.10268,NONE
1.680000,normal,50.00198,0.199897,0.53412,25.0129,0.99930,5.00993,5.08698,NONE
1.690000,normal,49.99649,0.199545,0.50358,25.0008,1.00180,5.01041,5.10249,NONE
1.700000,normal,49.99652,0.200171,0.49084,25.0102,1.00147,5.00200,5.09744,NONE
1.710000,normal,50.00297,0.199801,0.47293,25.0013,1.00088,4.99773,5.11254,NONE
1.720000,normal,49.99279,0.200436,0.47442,25.0024,1.00149,5.01346,5.08522,NONE
1.730000,normal,49.99141,0.200260,0.54394,25.0047,0.99972,4.99962,5.09941,NONE
1.740000,normal,50.00450,0.199825,0.49426,25.0053,1.00008,4.99807,5.08666,NONE
1.750000,normal,49.99864,0.200372,0.52205,24.9983,0.99987,4.98619,5.11376,NONE
1.760000,normal,50.00162,0.200275,0.46205,25.0013,0.99868,4.99238,5.08826,NONE
1.770000,normal,50.00143,0.200425,0.54116,25.0060,1.00162,5.01449,5.11429,NONE
1.780000,normal,49.99020,0.199781,0.48386,24.9967,0.99867,5.01476,5.08753,NONE
1.790000,normal,49.99825,0.199696,0.51503,25.0039,0.99898,4.99089,5.11126,NONE
1.800000,normal,49.99183,0.199530,0.54059,25.0022,1.00187,5.00943,5.10546,NONE
1.810000,normal,49.99631,0.200215,0.45829,25.0080,1.00092,5.01351,5.08888,NONE
1.820000,normal,50.00943,0.200398,0.48518,25.0131,1.00042,4.99483,5.09812,NONE
1.830000,normal,50.00476,0.200118,0.46235,24.9944,0.99980,5.00256,5.08789,NONE
1.840000,normal,50.00123,0.200436,0.47871,25.0053,1.00128,5.00267,5.08721,NONE
1.850000,normal,50.00390,0.199685,0.48942,24.9968,1.00063,4.98919,5.08576,NONE
1.860000,normal,50.00585,0.200415,0.45813,24.9967,1.00045,4.98972,5.09350,NONE
1.870000,normal,50.00458,0.199697,0.52560,25.0025,1.00112,5.00383,5.11486,NONE
1.880000,normal,49.99615,0.200432,0.45779,24.9985,0.99913,5.00421,5.11381,NONE
1.890000,normal,50.00435,0.200085,0.51663,25.0120,0.99994,5.00820,5.09579,NONE
1.900000,normal,50.00310,0.200469,0.52637,25.0069,1.00088,4.98575,5.11457,NONE
1.910000,normal,50.00722,0.199769,0.45475,25.0133,1.00097,5.00050,5.09456,NONE
1.920000,normal,49.99019,0.199747,0.47081,25.0043,0.99978,4.98764,5.09362,NONE
1.930000,normal,49.99479,0.200400,0.49753,25.0113,1.00110,4.99448,5.08688,NONE
1.940000,normal,50.00949,0.200302,0.45175,25.0071,1.00190,4.99637,5.11056,NONE
1.950000,normal,49.99763,0.200237,0.53648,25.0134,1.00157,5.00061,5.10075,NONE
1.960000,normal,49.99982,0.200432,0.53125,24.9987,0.99996,4.99075,5.11346,NONE
1.970000,normal,49.99020,0.199961,0.50052,25.0091,1.00041,5.00450,5.10820,NONE
1.980000,normal,50.00996,0.200209,0.46460,25.0021,1.00047,5.00556,5.11208,NONE
1.990000,normal,49.99964,0.199591,0.53321,25.0066,0.99956,5.00465,5.09896,NONE
2.000000,normal,49.99392,0.199981,0.51518,24.9976,0.99925,4.99719,5.10231,NONE
2.010000,normal,49.99152,0.200237,0.53001,24.9948,0.99967,5.01202,5.09109,NONE
2.020000,normal,50.00506,0.199513,0.48608,25.0016,1.00102,4.98516,5.08933,NONE
2.030000,normal,49.99391,0.199881,0.51751,24.9941,1.00059,4.98777,5.08701,NONE
2.040000,normal,49.99953,0.199982,0.48514,25.0037,0.99954,4.99882,5.08647,NONE
2.050000,normal,49.99687,0.200182,0.50874,25.0020,1.00015,4.99667,5.10561,NONE
2.060000,normal,50.00153,0.200118,0.50318,25.0099,0.99949,5.00615,5.08751,NONE
2.070000,normal,49.99899,0.200140,0.53166,25.0034,0.99843,5.01218,5.11361,NONE
2.080000,normal,49.99105,0.200466,0.46919,25.0007,0.99962,5.00727,5.10193,NONE
2.090000,normal,49.99690,0.199718,0.50949,25.0054,1.00148,4.99851,5.09921,NONE
2.100000,normal,50.00432,0.200443,0.48268,25.0053,0.99933,4.99162,5.09891,NONE
2.110000,normal,50.00866,0.199974,0.52701,25.0134,0.99988,4.98559,5.08990,NONE
2.120000,normal,49.99485,0.199870,0.49358,24.9975,0.99962,5.00144,5.09734,NONE
2.130000,normal,50.00014,0.200252,0.45316,25.0044,1.00133,4.98800,5.10131,NONE
2.140000,normal,50.00452,0.200274,0.53463,25.0001,0.99874,4.98658,5.09874,NONE
2.150000,normal,50.00423,0.200322,0.46270,25.0105,1.00163,4.99887,5.09681,NONE
2.160000,normal,50.00682,0.199794,0.49244,24.9983,0.99942,5.01470,5.10823,NONE
2.170000,normal,49.99928,0.200294,0.51573,25.0012,1.00048,5.00848,5.08525,NONE
2.180000,normal,50.00311,0.200340,0.46160,24.9953,1.00165,4.99726,5.10929,NONE
2.190000,normal,50.00508,0.199608,0.46870,25.0123,0.99820,4.99387,5.09827,NONE
2.200000,normal,50.00473,0.199965,0.54300,25.0132,0.99989,5.00316,5.09090,NONE
2.210000,normal,49.99437,0.199575,0.51089,25.0038,0.99896,5.00571,5.09661,NONE
2.220000,normal,49.99512,0.199653,0.45450,25.0096,1.00193,4.98998,5.10430,NONE
2.230000,normal,50.00601,0.199769,0.50255,25.0042,1.00123,5.00951,5.10796,NONE
2.240000,normal,50.00274,0.200092,0.49969,25.0130,1.00080,5.01400,5.10163,NONE
2.250000,normal,49.99388,0.200238,0.54091,25.0086,0.99803,4.99640,5.09407,NONE
2.260000,normal,50.00379,0.199911,0.52084,25.0076,0.99915,4.98743,5.11321,NONE
2.270000,normal,49.99470,0.199906,0.45474,24.9960,0.99928,5.01202,5.09480,NONE
2.280000,normal,50.00030,0.199518,0.52567,24.9949,0.99862,5.01024,5.10459,NONE
2.290000,normal,49.99944,0.199997,0.53266,25.0058,0.99958,5.00535,5.09699,NONE
2.300000,normal,49.99964,0.199513,0.45655,24.9971,1.00141,4.99730,5.11235,NONE
2.310000,normal,50.00781,0.199523,0.48226,25.0129,1.00029,5.00265,5.08976,NONE
2.320000,normal,50.00246,0.199857,0.54505,25.0108,0.99974,5.00589,5.10919,NONE
2.330000,normal,50.00542,0.200341,0.50113,25.0115,0.99974,4.98820,5.10093,NONE
2.340000,normal,50.00394,0.199981,0.49710,25.0098,0.99967,4.99605,5.10733,NONE
2.350000,normal,50.00911,0.199610,0.47508,24.9981,0.99996,4.99350,5.09419,NONE
2.360000,normal,49.99391,0.200026,0.46449,24.9965,0.99850,5.00273,5.08513,NONE
2.370000,normal,50.00901,0.200167,0.50752,24.9986,0.99826,4.99438,5.10005,NONE
2.380000,normal,50.00132,0.199835,0.50905,25.0050,0.99901,4.98797,5.09910,NONE
2.390000,normal,49.99817,0.200034,0.48521,25.0119,1.00016,4.98982,5.08732,NONE
2.400000,normal,49.99393,0.200351,0.53737,25.0026,1.00156,5.00788,5.10099,NONE
2.410000,normal,49.99201,0.200432,0.50421,25.0021,0.99854,4.99213,5.11292,NONE
2.420000,normal,49.99133,0.200218,0.50778,25.0012,1.00125,4.98714,5.11278,NONE
2.430000,normal,50.00287,0.199987,0.47306,25.0147,0.99860,5.00469,5.10813,NONE
2.440000,normal,50.00435,0.199663,0.46908,24.9960,1.00180,4.99834,5.08956,NONE
2.450000,normal,50.00003,0.199703,0.48368,24.9995,1.00176,4.98532,5.08541,NONE
2.460000,normal,49.99340,0.199827,0.51247,25.0060,0.99832,4.98743,5.08656,NONE
2.470000,normal,49.99433,0.200469,0.45077,25.0080,0.99999,4.98902,5.09411,NONE
2.480000,normal,50.00781,0.199561,0.48696,25.0019,1.00164,5.00655,5.09081,NONE
2.490000,normal,49.99023,0.199697,0.47367,25.0130,1.00003,5.00901,5.09229,NONE
2.500000,normal,50.00514,0.199922,0.47421,24.9974,1.00097,4.99332,5.08512,NONE
2.510000,normal,50.00767,0.200042,0.52720,25.0110,0.99973,4.98812,5.09724,NONE
2.520000,normal,49.99842,0.200265,0.52306,25.0065,0.99866,4.99830,5.09063,NONE
2.530000,normal,50.00343,0.200179,0.54569,25.0030,0.99803,4.98818,5.09639,NONE
2.540000,normal,49.99847,0.200496,0.53826,24.9975,1.00005,5.01151,5.10962,NONE
2.550000,normal,49.99695,0.200338,0.48428,24.9970,1.00053,5.00265,5.09475,NONE
2.560000,normal,49.99211,0.199720,0.48350,24.9990,0.99946,5.00187,5.11125,NONE
2.570000,normal,50.00152,0.199825,0.52907,25.0107,0.99805,4.99190,5.09158,NONE
2.580000,normal,50.00341,0.199870,0.52617,25.0030,0.99897,5.00114,5.10368,NONE
2.590000,normal,49.99781,0.200054,0.53936,24.9982,0.99893,5.00007,5.08980,NONE
2.600000,normal,50.00870,0.199888,0.50259,25.0035,1.00079,4.99498,5.10659,NONE
2.610000,normal,49.99618,0.199915,0.54784,25.0091,0.99990,5.01223,5.11369,NONE
2.620000,normal,49.99408,0.200278,0.54904,25.0014,1.00072,4.99770,5.10261,NONE
2.630000,normal,49.99623,0.200428,0.47329,25.0112,1.00010,4.98977,5.09479,NONE
2.640000,normal,50.00308,0.200391,0.50526,25.0108,1.00179,4.99323,5.09322,NONE
2.650000,normal,49.99979,0.199952,0.52247,25.0096,1.00055,4.99505,5.09068,NONE
2.660000,normal,49.99677,0.200234,0.48757,25.0091,1.00178,5.00326,5.09019,NONE
2.670000,normal,50.00682,0.200413,0.52899,25.0026,0.99997,4.99252,5.10742,NONE
2.680000,normal,50.00752,0.199922,0.52623,25.0081,1.00029,5.01152,5.08538,NONE
2.690000,normal,49.99448,0.199587,0.50379,25.0137,0.99906,4.98725,5.11085,NONE
2.700000,normal,50.00454,0.199729,0.49994,25.0099,0.99862,4.99328,5.09515,NONE
2.710000,normal,50.00916,0.200052,0.50997,24.9984,0.99893,5.01280,5.10721,NONE
2.720000,normal,49.99238,0.200113,0.45944,25.0081,0.99921,4.99748,5.09973,NONE
2.730000,normal,50.00029,0.200431,0.53123,25.0078,1.00162,5.00233,5.10578,NONE
2.740000,normal,50.00835,0.199552,0.54352,24.9982,1.00087,5.00754,5.10690,NONE
2.750000,normal,49.99544,0.199774,0.53378,25.0046,1.00028,5.00951,5.10755,NONE
2.760000,normal,49.99733,0.199764,0.53593,25.0066,1.00179,4.99314,5.11313,NONE
2.770000,normal,50.00830,0.199648,0.53249,24.9998,0.99823,4.99404,5.11159,NONE
2.780000,normal,49.99902,0.200284,0.52122,24.9986,0.99896,5.00038,5.08743,NONE
2.790000,normal,50.00812,0.199606,0.51984,25.0129,0.99964,4.98853,5.09597,NONE
2.800000,normal,49.99044,0.199612,0.45394,24.9977,0.99984,5.00879,5.10420,NONE
2.810000,normal,50.00974,0.200403,0.50704,25.0046,0.99988,5.00492,5.09016,NONE
2.820000,normal,50.00006,0.199765,0.48853,25.0141,0.99842,5.00301,5.09402,NONE
2.830000,normal,49.99076,0.199526,0.51648,25.0105,1.00049,4.98786,5.09287,NONE
2.840000,normal,49.99712,0.200066,0.50938,25.0067,0.99977,5.00056,5.10707,NONE
2.850000,normal,49.99705,0.199558,0.46032,25.0102,1.00169,4.99442,5.09909,NONE
2.860000,normal,49.99588,0.200072,0.48213,25.0047,0.99833,4.98784,5.11479,NONE
2.870000,normal,50.00068,0.200448,0.49677,24.9967,1.00001,5.00353,5.08624,NONE
2.880000,normal,50.00618,0.199571,0.50026,25.0016,1.00036,4.99039,5.09296,NONE
2.890000,normal,49.99766,0.200191,0.48119,24.9982,0.99903,4.99852,5.10686,NONE
2.900000,normal,50.00501,0.200318,0.45599,24.9993,1.00044,5.00271,5.09649,NONE
2.910000,normal,49.99669,0.199572,0.47797,25.0145,0.99842,5.00227,5.08759,NONE
2.920000,normal,50.00527,0.199532,0.50353,25.0095,1.00127,4.98509,5.10287,NONE
2.930000,normal,50.00665,0.199831,0.47947,25.0017,0.99992,4.99050,5.10708,NONE
2.940000,normal,49.99326,0.199801,0.53602,25.0122,1.00033,5.01000,5.11177,NONE
2.950000,normal,50.00060,0.200079,0.54413,25.0124,0.99803,4.99395,5.11171,NONE
2.960000,normal,50.00280,0.199963,0.54765,25.0124,0.99820,4.98813,5.10230,NONE
2.970000,normal,50.00902,0.200494,0.52607,25.0054,0.99872,4.98978,5.11323,NONE
2.980000,normal,50.00622,0.200322,0.52895,24.9978,1.00102,5.01337,5.11023,NONE
2.990000,normal,49.99560,0.200417,0.47662,25.0122,0.99918,4.99481,5.10053,NONE
3.000000,normal,49.99853,0.200285,0.52943,24.9976,1.00164,4.98573,5.08620,NONE
3.010000,normal,50.00772,0.199890,0.46262,24.9994,1.00061,5.01339,5.10282,NONE
3.020000,normal,50.00595,0.199698,0.54674,25.0032,0.99856,5.01231,5.08548,NONE
3.030000,normal,49.99023,0.199642,0.52228,25.0080,1.00117,4.98965,5.08856,NONE
3.040000,normal,49.99005,0.199949,0.54858,25.0050,1.00109,5.00606,5.09979,NONE
3.050000,normal,49.99811,0.200409,0.47300,25.0023,0.99960,5.01221,5.10736,NONE
3.060000,normal,50.00158,0.199778,0.53208,25.0045,1.00191,4.99201,5.08764,NONE
3.070000,normal,50.00127,0.199576,0.45384,25.0053,1.00158,5.00873,5.10521,NONE
3.080000,normal,50.00733,0.199795,0.45827,25.0002,1.00177,4.99807,5.08887,NONE
3.090000,normal,49.99510,0.199741,0.53382,25.0141,1.00183,5.00128,5.11199,NONE
3.100000,normal,50.00839,0.199514,0.49623,25.0150,0.99874,5.01390,5.08832,NONE
3.110000,normal,49.99397,0.199734,0.50230,25.0115,0.99988,4.99277,5.09654,NONE
3.120000,normal,49.99253,0.200336,0.45540,25.0036,1.00175,5.00371,5.09999,NONE
3.130000,normal,50.00363,0.200250,0.48617,25.0064,0.99867,5.00146,5.09637,NONE
3.140000,normal,49.99510,0.199865,0.50493,25.0008,0.99932,4.99937,5.10262,NONE
3.150000,normal,50.00308,0.200289,0.46596,24.9982,1.00079,4.99671,5.09672,NONE
3.160000,normal,50.00725,0.200369,0.45868,25.0138,0.99836,4.99510,5.09917,NONE
3.170000,normal,50.00858,0.200449,0.49564,24.9989,0.99953,4.98684,5.10541,NONE
3.180000,normal,50.00411,0.199598,0.47340,25.0041,1.00020,5.00693,5.11017,NONE
3.190000,normal,50.00313,0.199527,0.52589,24.9982,1.00138,5.00062,5.10670,NONE
3.200000,normal,49.99439,0.199601,0.54828,25.0068,1.00192,4.98539,5.09456,NONE
3.210000,normal,50.00507,0.200192,0.49300,24.9996,0.99888,5.00990,5.09661,NONE
3.220000,normal,49.99431,0.200286,0.45641,24.9966,1.00195,5.01031,5.10482,NONE
3.230000,normal,50.00140,0.199551,0.52229,25.0047,0.99922,5.01345,5.10545,NONE
3.240000,normal,50.00686,0.200204,0.46527,24.9993,0.99963,5.00989,5.08668,NONE
3.250000,normal,49.99490,0.200441,0.51257,25.0088,1.00125,4.99408,5.09765,NONE
3.260000,normal,50.00122,0.200022,0.54423,25.0162,1.00050,4.99290,5.09985,NONE
3.270000,normal,49.99197,0.200204,0.47167,25.0082,0.99969,4.99298,5.08615,NONE
3.280000,normal,50.00022,0.200471,0.49437,25.0070,1.00161,5.00125,5.09673,NONE
3.290000,normal,50.00034,0.199718,0.47059,25.0132,1.00094,5.01065,5.10570,NONE
3.300000,normal,49.99403,0.199687,0.50054,24.9981,1.00036,5.01093,5.10337,NONE
3.310000,normal,49.99433,0.200453,0.52945,25.0068,1.00168,5.01265,5.10780,NONE
3.320000,normal,49.99167,0.200000,0.47847,25.0156,0.99809,5.01013,5.11144,NONE
3.330000,normal,49.99097,0.199605,0.45066,25.0007,0.99803,5.00452,5.09752,NONE
3.340000,normal,49.99433,0.199777,0.50315,25.0023,0.99941,5.00575,5.08598,NONE
3.350000,normal,50.00500,0.199710,0.52756,25.0159,1.00187,5.00373,5.08963,NONE
3.360000,normal,49.99219,0.200072,0.53827,25.0074,1.00152,5.00031,5.09016,NONE
3.370000,normal,50.00463,0.199887,0.48855,25.0128,1.00143,5.01096,5.10644,NONE
3.380000,normal,50.00627,0.200124,0.47345,25.0021,0.99945,4.99271,5.08993,NONE
3.390000,normal,49.99557,0.199837,0.54197,25.0044,0.99877,4.99835,5.10366,NONE
3.400000,normal,50.00447,0.200143,0.49557,25.0090,1.00073,5.01457,5.09747,NONE
3.410000,normal,50.00839,0.200217,0.47345,25.0143,0.99868,4.99277,5.09046,NONE
3.420000,normal,49.99259,0.200027,0.50566,25.0011,0.99807,5.00191,5.09729,NONE
3.430000,normal,49.99556,0.199808,0.46954,25.0104,0.99861,5.00693,5.09795,NONE
3.440000,normal,50.00345,0.199638,0.52364,25.0144,0.99889,4.98531,5.09214,NONE
3.450000,normal,49.99051,0.200404,0.50799,25.0063,1.00113,4.99496,5.10263,NONE
3.460000,normal,49.99651,0.199607,0.53160,25.0169,0.99830,4.99344,5.09114,NONE
3.470000,normal,50.00364,0.200263,0.51914,25.0167,0.99853,4.99065,5.09079,NONE
3.480000,normal,50.00183,0.200440,0.47301,24.9990,1.00038,5.00130,5.11067,NONE
3.490000,normal,49.99919,0.199670,0.49407,25.0152,0.99821,5.00144,5.11274,NONE
3.500000,normal,49.99400,0.200431,0.48219,25.0077,1.00139,5.00720,5.09222,NONE
3.510000,normal,49.99557,0.200454,0.54658,25.0070,0.99892,5.00720,5.11337,NONE
3.520000,normal,50.00778,0.199781,0.54621,25.0072,1.00040,4.98943,5.09120,NONE
3.530000,normal,50.00931,0.199515,0.53680,25.0113,0.99958,4.99578,5.09672,NONE
3.540000,normal,50.00609,0.199695,0.53130,25.0091,1.00123,5.00508,5.11040,NONE
3.550000,normal,50.00229,0.200288,0.48806,25.0140,0.99836,4.98580,5.08616,NONE
3.560000,normal,50.00685,0.200423,0.51994,25.0011,1.00028,4.99794,5.09113,NONE
3.570000,normal,50.00280,0.200018,0.48368,24.9989,1.00056,4.98550,5.08759,NONE
3.580000,normal,50.00606,0.199521,0.53323,25.0089,0.99979,5.01057,5.10793,NONE
3.590000,normal,49.99665,0.200484,0.47187,25.0101,1.00122,5.00449,5.09173,NONE
3.600000,normal,50.00550,0.200327,0.53791,25.0025,1.00045,4.99494,5.09910,NONE
3.610000,normal,49.99377,0.199706,0.54120,25.0049,0.99995,4.99706,5.09942,NONE
3.620000,normal,50.00099,0.200158,0.48943,25.0164,1.00009,4.98844,5.10915,NONE
3.630000,normal,49.99219,0.200056,0.51299,25.0016,1.00114,5.00070,5.10399,NONE
3.640000,normal,49.99821,0.200216,0.52305,25.0044,0.99999,4.99371,5.08979,NONE
3.650000,normal,49.99430,0.200336,0.53610,25.0151,0.99952,4.99593,5.11320,NONE
3.660000,normal,49.99258,0.200144,0.50567,25.0039,0.99808,4.99476,5.08865,NONE
3.670000,normal,50.00238,0.199611,0.52028,25.0077,1.00059,5.01328,5.10163,NONE
3.680000,normal,50.00559,0.199711,0.48231,25.0161,1.00067,5.00366,5.10715,NONE
3.690000,normal,50.00183,0.200214,0.51345,25.0147,1.00013,4.99386,5.11104,NONE
3.700000,normal,50.00673,0.199706,0.52542,25.0071,0.99984,4.99477,5.08733,NONE
3.710000,normal,49.99384,0.200205,0.47096,25.0146,0.99964,4.99174,5.09088,NONE
3.720000,normal,49.99544,0.199961,0.50259,25.0068,0.99849,5.00331,5.10945,NONE
3.730000,normal,49.99394,0.199889,0.48871,25.0150,0.99800,5.01283,5.09256,NONE
3.740000,normal,50.00674,0.199972,0.45045,25.0121,0.99966,5.01384,5.11348,NONE
3.750000,normal,49.99187,0.199733,0.53207,25.0166,1.00026,4.98610,5.11029,NONE
3.760000,normal,50.00413,0.199937,0.46129,25.0013,0.99862,4.98931,5.09692,NONE
3.770000,normal,50.00181,0.200358,0.49596,25.0104,0.99802,5.00284,5.10487,NONE
3.780000,normal,50.00962,0.199770,0.48455,25.0057,0.99930,5.00421,5.11338,NONE
3.790000,normal,50.00179,0.200085,0.53357,25.0037,1.00116,5.00799,5.08760,NONE
3.800000,normal,50.00042,0.199810,0.49971,25.0054,0.99858,5.01275,5.09019,NONE
3.810000,normal,49.99785,0.200114,0.49959,24.9984,1.00145,4.99782,5.08520,NONE
3.820000,normal,49.99045,0.200068,0.46140,25.0068,1.00195,4.98756,5.09348,NONE
3.830000,normal,49.99456,0.199562,0.52284,24.9989,0.99946,5.00141,5.08644,NONE
3.840000,normal,49.99890,0.200097,0.53301,25.0019,1.00182,5.00180,5.10539,NONE
3.850000,normal,49.99879,0.199672,0.46147,25.0172,0.99916,4.99197,5.10231,NONE
3.860000,normal,50.00420,0.200357,0.54238,25.0049,0.99928,4.99114,5.09358,NONE
3.870000,normal,49.99003,0.200281,0.45511,25.0128,1.00044,5.00884,5.10795,NONE
3.880000,normal,49.99521,0.200475,0.49496,25.0044,1.00043,4.98703,5.09917,NONE
3.890000,normal,49.99002,0.200414,0.48094,25.0028,1.00159,4.98587,5.09085,NONE
3.900000,normal,49.99995,0.199516,0.49539,25.0149,0.99907,4.99265,5.10821,NONE
3.910000,normal,49.99630,0.199552,0.49974,25.0104,1.00137,4.99596,5.09002,NONE
3.920000,normal,50.00033,0.200459,0.54103,25.0033,0.99898,5.00330,5.10439,NONE
3.930000,normal,50.00214,0.199863,0.54966,25.0104,0.99855,4.99948,5.09993,NONE
3.940000,normal,50.00698,0.199960,0.49052,25.0032,1.00181,5.00639,5.09066,NONE
3.950000,normal,50.00867,0.200462,0.46684,25.0073,1.00081,5.00594,5.09434,NONE
3.960000,normal,49.99601,0.200346,0.45817,25.0177,1.00051,4.99968,5.09478,NONE
3.970000,normal,49.99560,0.199767,0.48871,25.0131,0.99833,5.00652,5.10485,NONE
3.980000,normal,49.99761,0.200116,0.47363,25.0036,0.99975,5.00099,5.09159,NONE
3.990000,normal,49.99659,0.200153,0.48397,24.9994,1.00142,5.00135,5.10876,NONE
4.000000,normal,49.99860,0.200111,0.45480,24.9987,1.00047,5.00624,5.11443,NONE
4.010000,normal,49.99449,0.199568,0.45986,25.0109,1.00075,4.99227,5.08839,NONE
4.020000,normal,49.99634,0.199531,0.50361,25.0098,1.00076,5.00628,5.11195,NONE
4.030000,normal,49.99192,0.199530,0.47766,25.0141,0.99957,4.98959,5.10034,NONE
4.040000,normal,50.00346,0.200167,0.52943,25.0090,0.99967,5.00418,5.10518,NONE
4.050000,normal,49.99533,0.200147,0.46850,25.0137,1.00006,5.01439,5.08557,NONE
4.060000,normal,49.99004,0.200140,0.46439,25.0122,1.00055,4.99455,5.09712,NONE
4.070000,normal,49.99722,0.200371,0.53943,25.0172,0.99984,4.98515,5.09160,NONE
4.080000,normal,50.00707,0.200169,0.54129,25.0119,1.00009,5.00316,5.10296,NONE
4.090000,normal,50.00179,0.199934,0.50012,25.0024,0.99818,5.00363,5.10327,NONE
4.100000,normal,49.99883,0.199520,0.48760,25.0147,0.99959,4.99864,5.08677,NONE
4.110000,normal,49.99719,0.200092,0.48088,25.0126,1.00168,4.99940,5.10009,NONE
4.120000,normal,50.00916,0.200277,0.53145,25.0075,1.00054,4.99727,5.10118,NONE
4.130000,normal,50.00133,0.199753,0.45774,25.0003,0.99804,5.00917,5.10365,NONE
4.140000,normal,49.99243,0.200147,0.54678,25.0114,0.99824,5.00736,5.09259,NONE
4.150000,normal,50.00200,0.199636,0.50773,25.0000,0.99839,4.98625,5.08910,NONE
4.160000,normal,50.00191,0.199552,0.46793,25.0164,0.99807,4.98849,5.08696,NONE
4.170000,normal,50.00468,0.200006,0.49243,25.0095,0.99973,5.01041,5.09772,NONE
4.180000,normal,50.00155,0.199975,0.50917,25.0062,1.00044,4.99557,5.09327,NONE
4.190000,normal,49.99561,0.200232,0.46731,25.0170,1.00159,5.00944,5.11451,NONE
4.200000,normal,49.99847,0.200412,0.51309,25.0004,0.99811,5.00414,5.10358,NONE
4.210000,normal,49.99405,0.200057,0.54402,25.0144,0.99913,5.01492,5.10306,NONE
4.220000,normal,49.99911,0.199870,0.45589,25.0079,1.00153,5.00426,5.09399,NONE
4.230000,normal,50.00787,0.199994,0.54937,25.0014,1.00140,5.00471,5.11056,NONE
4.240000,normal,49.99801,0.200311,0.53684,25.0105,1.00127,5.01212,5.10987,NONE
4.250000,normal,49.99111,0.199928,0.53430,25.0174,1.00162,4.99948,5.08699,NONE
4.260000,normal,49.99090,0.199704,0.50654,25.0130,1.00044,5.01322,5.11462,NONE
4.270000,normal,49.99361,0.199611,0.54465,25.0097,1.00146,4.98771,5.11452,NONE
4.280000,normal,50.00948,0.200071,0.52415,25.0007,0.99963,5.00545,5.10479,NONE
4.290000,normal,50.00055,0.199659,0.47981,25.0182,1.00077,5.00876,5.11416,NONE
4.300000,normal,50.00042,0.200153,0.50918,25.0160,1.00195,4.98652,5.09898,NONE
4.310000,normal,50.00717,0.199601,0.49122,25.0171,1.00106,5.00585,5.08817,NONE
4.320000,normal,50.00115,0.199532,0.45017,25.0089,1.00070,4.99490,5.09301,NONE
4.330000,normal,49.99024,0.199955,0.51649,25.0123,1.00044,5.01367,5.11493,NONE
4.340000,normal,49.99754,0.200496,0.48145,25.0144,0.99921,4.99832,5.10454,NONE
4.350000,normal,50.00594,0.199866,0.46299,25.0064,1.00151,5.00994,5.09099,NONE
4.360000,normal,50.00834,0.200445,0.52148,25.0125,1.00170,4.98627,5.10486,NONE
4.370000,normal,49.99396,0.199960,0.45331,25.0106,1.00018,5.00894,5.10851,NONE
4.380000,normal,50.00576,0.199961,0.51408,25.0145,1.00007,4.99438,5.08956,NONE
4.390000,normal,50.00121,0.199535,0.48023,24.9998,0.99892,5.00883,5.09792,NONE
4.400000,normal,49.99633,0.199787,0.50688,25.0108,0.99829,4.99602,5.10124,NONE
4.410000,normal,50.00750,0.200284,0.49707,25.0039,1.00051,4.99694,5.10219,NONE
4.420000,normal,50.00759,0.200415,0.47236,25.0155,1.00173,5.01166,5.09231,NONE
4.430000,normal,49.99981,0.200326,0.54674,25.0119,0.99868,5.00788,5.11169,NONE
4.440000,normal,50.00073,0.199903,0.50621,25.0114,1.00065,4.98689,5.11194,NONE
4.450000,normal,49.99424,0.199640,0.51563,25.0056,1.00180,4.99227,5.09562,NONE
4.460000,normal,49.99295,0.200447,0.45685,25.0107,0.99893,5.00645,5.10427,NONE
4.470000,normal,50.00507,0.199917,0.54338,25.0065,0.99967,4.98954,5.08748,NONE
4.480000,normal,49.99249,0.200163,0.53056,25.0031,0.99881,5.00222,5.09309,NONE
4.490000,normal,50.00101,0.199686,0.53167,25.0079,0.99946,5.00910,5.08649,NONE
4.500000,normal,50.00010,0.200142,0.50899,25.0093,1.00037,5.00842,5.08702,NONE
4.510000,normal,49.99031,0.200048,0.53263,25.0076,1.00155,4.99183,5.09503,NONE
4.520000,normal,49.99969,0.200050,0.49236,25.0018,1.00017,5.00548,5.10700,NONE
4.530000,normal,49.99019,0.199957,0.46418,25.0105,0.99905,5.00094,5.10159,NONE
4.540000,normal,50.00384,0.200083,0.47273,25.0107,1.00066,5.00596,5.10964,NONE
4.550000,normal,50.00364,0.200352,0.45389,25.0158,1.00118,4.98791,5.10086,NONE
4.560000,normal,50.00338,0.199843,0.52873,25.0018,0.99918,4.98892,5.08521,NONE
4.570000,normal,49.99915,0.199964,0.45998,25.0113,1.00009,4.99973,5.10461,NONE
4.580000,normal,49.99075,0.200393,0.54803,25.0043,1.00019,4.99535,5.11131,NONE
4.590000,normal,50.00711,0.200149,0.51412,25.0099,1.00147,4.99767,5.11071,NONE
4.600000,normal,50.00959,0.200337,0.50663,25.0104,1.00015,4.99266,5.09303,NONE
4.610000,normal,50.00265,0.199853,0.48229,25.0063,0.99822,4.98875,5.08956,NONE
4.620000,normal,50.00606,0.199852,0.49725,25.0150,0.99850,5.00393,5.09110,NONE
4.630000,normal,49.99898,0.199670,0.50369,25.0173,1.00074,4.99953,5.09999,NONE
4.640000,normal,50.00471,0.200249,0.48316,25.0074,0.99894,5.01323,5.10126,NONE
4.650000,normal,49.99948,0.200209,0.54860,25.0176,1.00039,5.01162,5.10632,NONE
4.660000,normal,50.00183,0.200391,0.49017,25.0193,0.99948,4.99492,5.09441,NONE
4.670000,normal,49.99237,0.200469,0.49192,25.0001,0.99993,4.99819,5.09723,NONE
4.680000,normal,50.00644,0.200244,0.51945,25.0159,0.99882,4.99791,5.10857,NONE
4.690000,normal,50.00902,0.199874,0.53515,25.0089,1.00076,5.00660,5.09209,NONE
4.700000,normal,50.00121,0.199507,0.49890,25.0013,0.99990,4.98915,5.09323,NONE
4.710000,normal,50.00878,0.199991,0.48214,25.0123,1.00163,5.01173,5.10325,NONE
4.720000,normal,50.00753,0.199757,0.47162,25.0186,0.99998,5.00877,5.08508,NONE
4.730000,normal,50.00881,0.199885,0.48998,25.0141,1.00198,5.00349,5.11024,NONE
4.740000,normal,49.99842,0.200403,0.47829,25.0037,1.00161,4.99619,5.10458,NONE
4.750000,normal,50.00993,0.199534,0.53089,25.0053,1.00029,4.98877,5.10631,NONE
4.760000,normal,49.99440,0.200017,0.50727,25.0147,1.00010,4.98786,5.08561,NONE
4.770000,normal,50.00899,0.199901,0.52194,25.0119,0.99967,5.00750,5.10542,NONE
4.780000,normal,49.99912,0.199887,0.49298,25.0132,1.00100,4.98513,5.08936,NONE
4.790000,normal,49.99627,0.200097,0.46097,25.0053,0.99983,5.00395,5.10071,NONE
4.800000,normal,50.00792,0.199965,0.52079,25.0008,0.99953,5.00241,5.10831,NONE
4.810000,normal,50.00459,0.199711,0.45773,24.9998,1.00058,5.01215,5.09142,NONE
4.820000,normal,49.99089,0.200341,0.47699,25.0047,0.99803,5.01270,5.11094,NONE
4.830000,normal,50.00577,0.199835,0.52307,25.0111,0.99959,5.00755,5.11414,NONE
4.840000,normal,49.99853,0.199971,0.54615,25.0029,0.99824,4.99649,5.09190,NONE
4.850000,normal,49.99156,0.199698,0.48422,25.0105,0.99827,4.99085,5.10553,NONE
4.860000,normal,49.99848,0.200297,0.53671,25.0151,1.00029,5.00381,5.10063,NONE
4.870000,normal,49.99120,0.200117,0.48550,25.0066,0.99911,5.00256,5.10639,NONE
4.880000,normal,49.99284,0.199528,0.49042,25.0112,1.00043,5.00295,5.09239,NONE
4.890000,normal,49.99753,0.200363,0.51816,25.0153,0.99894,4.99397,5.11097,NONE
4.900000,normal,50.00358,0.200422,0.53333,24.9998,0.99861,5.00717,5.11465,NONE
4.910000,normal,49.99962,0.200420,0.45703,25.0045,1.00074,4.99986,5.08953,NONE
4.920000,normal,49.99389,0.200354,0.53655,25.0152,0.99966,5.00719,5.08756,NONE
4.930000,normal,50.00323,0.200266,0.47060,25.0064,0.99912,5.00615,5.09618,NONE
4.940000,normal,49.99366,0.199954,0.50560,25.0134,0.99954,4.98625,5.11433,NONE
4.950000,normal,50.00217,0.199528,0.47210,25.0069,0.99827,5.00998,5.10733,NONE
4.960000,normal,50.00233,0.199554,0.48880,25.0012,0.99859,5.01152,5.09487,NONE
4.970000,normal,49.99545,0.199992,0.49803,25.0132,1.00187,5.00576,5.08746,NONE
4.980000,normal,50.00977,0.199894,0.51882,25.0168,1.00121,5.01307,5.10948,NONE
4.990000,normal,50.00795,0.199799,0.49350,25.0094,1.00092,5.00705,5.10893,NONE
5.000000,normal,49.99070,0.199780,0.45936,25.0193,0.99809,4.98664,5.09618,NONE
5.010000,normal,49.99754,0.200014,0.45761,25.0143,0.99924,4.98606,5.09877,NONE
5.020000,normal,50.00778,0.200491,0.45108,25.0040,0.99999,5.00014,5.10163,NONE
5.030000,normal,50.00018,0.200458,0.51191,25.0029,0.99865,4.98828,5.08955,NONE
5.040000,normal,50.00786,0.199562,0.51940,25.0130,0.99977,5.00400,5.11012,NONE
5.050000,normal,50.00840,0.199544,0.50856,25.0103,1.00160,5.00507,5.11021,NONE
5.060000,normal,49.99289,0.199824,0.45263,25.0189,1.00042,5.00308,5.11178,NONE
5.070000,normal,49.99814,0.200162,0.54715,25.0122,1.00022,4.98977,5.09831,NONE
5.080000,normal,49.99597,0.200213,0.46323,25.0066,0.99891,5.01065,5.10018,NONE
5.090000,normal,50.00580,0.199745,0.52689,25.0095,0.99960,5.00882,5.11402,NONE
5.100000,normal,49.99207,0.199527,0.53933,25.0061,1.00175,5.00416,5.10478,NONE
5.110000,normal,49.99344,0.200320,0.48077,25.0132,0.99994,4.98700,5.11086,NONE
5.120000,normal,50.00701,0.200007,0.45881,25.0147,1.00153,5.00524,5.10450,NONE
5.130000,normal,49.99507,0.199905,0.52575,25.0008,1.00137,4.98977,5.09448,NONE
5.140000,normal,49.99401,0.199947,0.50613,25.0167,0.99968,5.01441,5.10973,NONE
5.150000,normal,49.99388,0.199905,0.47469,25.0192,0.99855,5.00552,5.10196,NONE
5.160000,normal,49.99120,0.199523,0.48314,25.0196,1.00080,5.00182,5.11060,NONE
5.170000,normal,50.00907,0.200444,0.49852,25.0167,1.00077,5.00012,5.08567,NONE
5.180000,normal,49.99146,0.200295,0.47146,25.0018,0.99853,4.98931,5.09354,NONE
5.190000,normal,49.99344,0.199737,0.45549,25.0071,1.00017,4.99551,5.09062,NONE
5.200000,normal,49.99436,0.200359,0.46595,25.0097,1.00050,4.98516,5.10575,NONE
5.210000,normal,49.99034,0.199847,0.52685,25.0106,1.00123,4.99705,5.09851,NONE
5.220000,normal,50.00549,0.199574,0.48861,25.0063,0.99856,4.99103,5.11210,NONE
5.230000,normal,49.99188,0.200474,0.46923,25.0053,1.00076,4.99063,5.08810,NONE
5.240000,normal,50.00646,0.199601,0.49016,25.0151,0.99859,5.00910,5.11130,NONE
5.250000,normal,49.99140,0.199893,0.52076,25.0203,1.00096,5.01423,5.10589,NONE
5.260000,normal,49.99639,0.200338,0.48482,25.0030,0.99953,4.98700,5.10113,NONE
5.270000,normal,49.99222,0.199797,0.53624,25.0032,1.00001,4.99965,5.09625,NONE
5.280000,normal,50.00862,0.199754,0.52246,25.0038,1.00085,4.99678,5.10688,NONE
5.290000,normal,49.99418,0.199793,0.48317,25.0135,0.99819,4.99186,5.10244,NONE
5.300000,normal,49.99099,0.199575,0.51426,25.0135,0.99930,5.00276,5.08627,NONE
5.310000,normal,50.00978,0.199519,0.46083,25.0136,0.99808,4.98662,5.10143,NONE
5.320000,normal,49.99060,0.200034,0.47255,25.0043,0.99938,5.00921,5.08745,NONE
5.330000,normal,49.99435,0.200084,0.51586,25.0156,1.00015,5.01461,5.11269,NONE
5.340000,normal,50.00091,0.200265,0.53564,25.0030,0.99862,5.00410,5.09940,NONE
5.350000,normal,49.99095,0.199611,0.47532,25.0200,0.99926,5.00275,5.10674,NONE
5.360000,normal,49.99607,0.200201,0.50439,25.0080,1.00007,4.98604,5.11439,NONE
5.370000,normal,50.00178,0.200396,0.50911,25.0075,1.00047,5.00459,5.08915,NONE
5.380000,normal,49.99166,0.200409,0.45045,25.0049,1.00066,5.00118,5.08569,NONE
5.390000,normal,50.00535,0.200362,0.52338,25.0068,1.00172,5.00092,5.10252,NONE
5.400000,normal,49.99783,0.200352,0.54802,25.0080,0.99990,5.00994,5.10847,NONE
5.410000,normal,49.99271,0.200456,0.48227,25.0015,0.99862,4.99382,5.09916,NONE
5.420000,normal,50.00702,0.199567,0.46289,25.0158,0.99879,5.00481,5.09354,NONE
5.430000,normal,49.99971,0.200185,0.51209,25.0177,1.00166,5.01104,5.09299,NONE
5.440000,normal,49.99016,0.200352,0.48515,25.0168,0.99993,4.99356,5.10087,NONE
5.450000,normal,49.99490,0.199924,0.46738,25.0139,1.00019,5.00824,5.09690,NONE
5.460000,normal,49.99862,0.200225,0.54717,25.0038,0.99891,5.01250,5.08672,NONE
5.470000,normal,50.00689,0.199773,0.48764,25.0089,1.00083,5.01198,5.09404,NONE
5.480000,normal,49.99047,0.199821,0.50732,25.0093,1.00113,5.00533,5.10528,NONE
5.490000,normal,49.99147,0.199939,0.45301,25.0142,1.00161,5.01286,5.11454,NONE
5.500000,normal,49.99525,0.199500,0.53342,25.0010,0.99983,4.99946,5.10603,NONE
5.510000,normal,50.00858,0.199610,0.51417,25.0110,0.99990,5.01347,5.11495,NONE
5.520000,normal,50.00746,0.199840,0.46966,25.0044,0.99871,4.99823,5.10195,NONE
5.530000,normal,49.99448,0.200464,0.53059,25.0161,1.00009,5.01493,5.09385,NONE
5.540000,normal,49.99166,0.200026,0.54783,25.0143,1.00018,4.98726,5.10476,NONE
5.550000,normal,49.99496,0.200065,0.46060,25.0193,1.00058,4.99869,5.11397,NONE
5.560000,normal,49.99797,0.199818,0.48905,25.0017,1.00017,4.99270,5.09200,NONE
5.570000,normal,50.00412,0.199810,0.51033,25.0026,0.99832,5.00986,5.08725,NONE
5.580000,normal,50.00150,0.200027,0.46829,25.0149,1.00123,5.00015,5.11006,NONE
5.590000,normal,50.00993,0.199553,0.52495,25.0134,1.00088,4.98581,5.10577,NONE
5.600000,normal,49.99975,0.200172,0.45981,25.0156,1.00074,5.00275,5.09768,NONE
5.610000,normal,49.99453,0.199932,0.49899,25.0204,0.99873,5.00175,5.09459,NONE
5.620000,normal,50.00417,0.199895,0.48118,25.0099,1.00002,4.99692,5.10987,NONE
5.630000,normal,49.99524,0.200496,0.45107,25.0175,1.00060,4.99430,5.09556,NONE
5.640000,normal,49.99219,0.199752,0.48567,25.0141,0.99938,4.99162,5.11197,NONE
5.650000,normal,49.99210,0.200364,0.45660,25.0044,0.99907,5.00814,5.09975,NONE
5.660000,normal,50.00012,0.199824,0.45042,25.0077,1.00039,4.99324,5.09223,NONE
5.670000,normal,49.99195,0.200073,0.51725,25.0124,0.99925,5.00926,5.09274,NONE
5.680000,normal,50.00246,0.200187,0.45111,25.0140,0.99911,5.00092,5.09822,NONE
5.690000,normal,49.99724,0.199903,0.47447,25.0185,1.00174,4.99602,5.09831,NONE
5.700000,normal,49.99442,0.200276,0.53463,25.0094,0.99816,4.99729,5.10170,NONE
5.710000,normal,50.00277,0.199989,0.50151,25.0190,1.00163,5.01460,5.10425,NONE
5.720000,normal,49.99893,0.199557,0.48084,25.0111,1.00070,5.00466,5.08815,NONE
5.730000,normal,50.00555,0.200397,0.54145,25.0039,0.99884,5.00363,5.09526,NONE
5.740000,normal,49.99325,0.200350,0.51344,25.0079,0.99804,4.98876,5.09474,NONE
5.750000,normal,50.00351,0.199745,0.45329,25.0163,0.99918,4.99329,5.10510,NONE
5.760000,normal,49.99932,0.200083,0.46063,25.0055,0.99965,5.00696,5.10397,NONE
5.770000,normal,50.00932,0.200250,0.49088,25.0103,0.99945,4.98996,5.08909,NONE
5.780000,normal,50.00295,0.200330,0.50871,25.0187,1.00062,4.99889,5.10379,NONE
5.790000,normal,49.99735,0.200157,0.52610,25.0025,1.00040,5.01051,5.11146,NONE
5.800000,normal,50.00567,0.199743,0.51799,25.0109,1.00130,5.01011,5.08792,NONE
5.810000,normal,50.00530,0.199501,0.54520,25.0109,0.99890,5.01174,5.09637,NONE
5.820000,normal,50.00640,0.199976,0.51181,25.0116,0.99893,4.99671,5.08685,NONE
5.830000,normal,49.99013,0.200088,0.45094,25.0123,1.00039,4.99296,5.09877,NONE
5.840000,normal,50.00324,0.199995,0.48621,25.0192,0.99820,4.99655,5.09002,NONE
5.850000,normal,49.99966,0.199590,0.50054,25.0083,0.99870,5.01464,5.09788,NONE
5.860000,normal,49.99632,0.200343,0.45277,25.0189,1.00097,5.01414,5.10729,NONE
5.870000,normal,49.99023,0.199648,0.45511,25.0090,1.00080,4.99509,5.08519,NONE
5.880000,normal,50.00565,0.200015,0.50008,25.0180,0.99844,4.98650,5.10224,NONE
5.890000,normal,50.00613,0.200167,0.51847,25.0205,0.99881,5.00349,5.09556,NONE
5.900000,normal,49.99030,0.200180,0.47220,25.0190,0.99971,4.99014,5.08578,NONE
5.910000,normal,50.00139,0.200323,0.45614,25.0155,1.00038,5.01059,5.10791,NONE
5.920000,normal,49.99344,0.200145,0.49683,25.0033,0.99910,4.99986,5.10500,NONE
5.930000,normal,49.99818,0.199553,0.51699,25.0040,1.00095,5.01336,5.08644,NONE
5.940000,normal,49.99708,0.200204,0.48205,25.0205,1.00091,4.99146,5.11398,NONE
5.950000,normal,50.00203,0.199798,0.48546,25.0110,1.00123,5.01486,5.09758,NONE
5.960000,normal,49.99810,0.200446,0.52067,25.0134,0.99958,4.99904,5.08915,NONE
5.970000,normal,50.00124,0.199714,0.47811,25.0149,0.99864,5.00112,5.09754,NONE
5.980000,normal,50.00898,0.199800,0.52607,25.0168,1.00020,5.00525,5.10694,NONE
5.990000,normal,50.00938,0.200426,0.52160,25.0092,1.00102,5.00177,5.11341,NONE
6.000000,normal,50.00891,0.199550,0.45435,25.0183,0.99891,4.98640,5.09431,NONE
6.010000,normal,49.99591,0.199857,0.51405,25.0139,0.99862,4.99447,5.10316,NONE
6.020000,normal,49.99994,0.199938,0.47587,25.0043,0.99805,5.00619,5.09876,NONE
6.030000,normal,49.99193,0.199599,0.53754,25.0138,0.99833,4.99551,5.08927,NONE
6.040000,normal,50.00476,0.200220,0.52625,25.0199,1.00177,4.98792,5.10175,NONE
6.050000,normal,50.00799,0.200011,0.45934,25.0056,0.99941,5.00302,5.10347,NONE
6.060000,normal,49.99408,0.200356,0.52359,25.0069,1.00174,4.98821,5.09360,NONE
6.070000,normal,49.99860,0.199503,0.49183,25.0170,0.99929,4.99578,5.10820,NONE
6.080000,normal,49.99800,0.200294,0.46639,25.0060,0.99942,4.99177,5.10772,NONE
6.090000,normal,50.00643,0.200193,0.48104,25.0086,1.00163,5.01342,5.11073,NONE
6.100000,normal,49.99427,0.200309,0.45712,25.0079,1.00102,4.98848,5.10145,NONE
6.110000,normal,49.99811,0.199977,0.51835,25.0078,0.99880,5.00205,5.10071,NONE
6.120000,normal,50.00270,0.199935,0.50978,25.0051,1.00023,5.00847,5.11040,NONE
6.130000,normal,49.99494,0.200029,0.52413,25.0176,1.00180,5.00803,5.09713,NONE
6.140000,normal,50.00550,0.200428,0.52872,25.0216,1.00089,4.98896,5.09586,NONE
6.150000,normal,50.00694,0.200478,0.49426,25.0052,0.99830,5.00038,5.08943,NONE
6.160000,normal,50.00434,0.200360,0.47056,25.0145,1.00190,5.00624,5.11132,NONE
6.170000,normal,50.00843,0.199931,0.53438,25.0220,0.99829,5.01430,5.08566,NONE
6.180000,normal,49.99278,0.200482,0.45304,25.0188,0.99970,5.00794,5.08796,NONE
6.190000,normal,50.00938,0.200382,0.49080,25.0122,0.99958,5.01323,5.10026,NONE
6.200000,normal,49.99328,0.200466,0.53546,25.0188,0.99825,4.99324,5.08947,NONE
6.210000,normal,49.99000,0.200197,0.52587,25.0143,0.99913,4.98916,5.09284,NONE
6.220000,normal,49.99815,0.200101,0.49557,25.0044,0.99838,5.01189,5.09903,NONE
6.230000,normal,49.99801,0.200090,0.53677,25.0174,0.99856,4.99096,5.09764,NONE
6.240000,normal,50.00900,0.200028,0.54982,25.0201,0.99856,4.98530,5.09392,NONE
6.250000,normal,50.00959,0.199633,0.48528,25.0219,0.99836,5.01073,5.08976,NONE
6.260000,normal,50.00652,0.199744,0.53719,25.0141,0.99883,5.00526,5.09089,NONE
6.270000,normal,50.00817,0.199698,0.54927,25.0095,1.00028,4.99040,5.09924,NONE
6.280000,normal,50.00749,0.200394,0.49484,25.0085,0.99829,4.99590,5.09828,NONE
6.290000,normal,49.99004,0.199571,0.53025,25.0042,1.00056,4.99664,5.09537,NONE
6.300000,normal,49.99511,0.200469,0.52606,25.0177,0.99928,5.00329,5.10141,NONE
6.310000,normal,50.00472,0.200199,0.51138,25.0199,1.00151,5.01408,5.09259,NONE
6.320000,normal,50.00886,0.199836,0.47925,25.0046,1.00132,5.01195,5.10769,NONE
6.330000,normal,49.99172,0.200375,0.46383,25.0220,0.99838,5.00610,5.10339,NONE
6.340000,normal,50.00605,0.200296,0.45266,25.0056,0.99878,4.99063,5.08945,NONE
6.350000,normal,50.00469,0.200454,0.50152,25.0117,0.99977,5.00075,5.10382,NONE
6.360000,normal,50.00740,0.199999,0.49410,25.0099,0.99837,4.98706,5.08661,NONE
6.370000,normal,49.99151,0.199815,0.49243,25.0080,1.00055,5.00033,5.09168,NONE
6.380000,normal,50.00693,0.200208,0.50876,25.0165,1.00042,5.00579,5.11140,NONE
6.390000,normal,50.00406,0.200418,0.50419,25.0180,1.00132,4.98541,5.08622,NONE
6.400000,normal,49.99128,0.200098,0.50389,25.0098,0.99981,5.01100,5.09335,NONE
6.410000,normal,49.99710,0.199891,0.49924,25.0156,1.00128,5.01318,5.10066,NONE
6.420000,normal,50.00893,0.200099,0.51663,25.0121,0.99964,4.98914,5.10878,NONE
6.430000,normal,50.00234,0.200357,0.45670,25.0178,1.00110,5.00489,5.11378,NONE
6.440000,normal,50.00401,0.199806,0.47260,25.0139,1.00163,5.01193,5.11440,NONE
6.450000,normal,50.00254,0.200000,0.49044,25.0077,0.99856,5.01162,5.10449,NONE
6.460000,normal,49.99722,0.200200,0.53899,25.0082,1.00108,4.99963,5.09399,NONE
6.470000,normal,50.00314,0.200038,0.51163,25.0042,1.00086,4.99194,5.11227,NONE
6.480000,normal,50.00500,0.199988,0.54799,25.0074,1.00056,5.00514,5.08957,NONE
6.490000,normal,49.99610,0.199520,0.45636,25.0094,0.99818,4.99315,5.09649,NONE
6.500000,normal,49.99340,0.199788,0.50605,25.0170,1.00049,5.00289,5.08864,NONE
6.510000,normal,49.99440,0.200130,0.51973,25.0219,1.00068,4.99884,5.10816,NONE
6.520000,normal,49.99121,0.199709,0.45268,25.0103,0.99927,4.98987,5.08596,NONE
6.530000,normal,49.99611,0.200207,0.51478,25.0170,1.00104,5.00453,5.09781,NONE
6.540000,normal,49.99449,0.200231,0.52022,25.0193,1.00092,5.00078,5.10666,NONE
6.550000,normal,49.99653,0.200287,0.46288,25.0177,1.00003,4.98872,5.09289,NONE
6.560000,normal,50.00728,0.200191,0.45539,25.0060,0.99958,5.01295,5.10685,NONE
6.570000,normal,49.99606,0.199973,0.52849,25.0197,1.00052,5.01399,5.10552,NONE
6.580000,normal,49.99837,0.199647,0.52469,25.0132,1.00197,4.99016,5.09150,NONE
6.590000,normal,49.99199,0.199671,0.49187,25.0136,1.00163,5.00037,5.10777,NONE
6.600000,normal,49.99610,0.199639,0.52075,25.0075,0.99864,4.99583,5.10848,NONE
6.610000,normal,50.00458,0.199950,0.51440,25.0124,1.00161,4.99634,5.09429,NONE
6.620000,normal,49.99023,0.199747,0.54667,25.0072,1.00115,4.99598,5.11465,NONE
6.630000,normal,49.99478,0.199880,0.54862,25.0142,1.00022,4.99986,5.11210,NONE
6.640000,normal,50.00729,0.200106,0.46124,25.0131,1.00001,5.00877,5.08574,NONE
6.650000,normal,49.99142,0.199906,0.48635,25.0092,0.99836,4.99819,5.10289,NONE
6.660000,normal,50.00965,0.199642,0.45132,25.0131,1.00010,5.01133,5.09993,NONE
6.670000,normal,50.00319,0.199517,0.47757,25.0084,0.99946,4.99970,5.10462,NONE
6.680000,normal,50.00548,0.199814,0.53954,25.0080,1.00056,5.00366,5.09495,NONE
6.690000,normal,49.99539,0.200408,0.49876,25.0055,0.99954,4.98750,5.11446,NONE
6.700000,normal,50.00325,0.199669,0.46718,25.0192,1.00096,5.01463,5.08553,NONE
6.710000,normal,50.00427,0.199900,0.45595,25.0078,1.00116,5.01391,5.10611,NONE
6.720000,normal,50.00579,0.199621,0.49489,25.0150,0.99916,5.00441,5.08946,NONE
6.730000,normal,49.99503,0.200312,0.48339,25.0056,1.00099,4.98991,5.10698,NONE
6.740000,normal,49.99233,0.199527,0.46924,25.0060,0.99930,5.00169,5.09346,NONE
6.750000,normal,50.00352,0.199624,0.49754,25.0106,0.99997,4.99464,5.09813,NONE
6.760000,normal,50.00863,0.199534,0.49170,25.0209,0.99802,4.99123,5.11147,NONE
6.770000,normal,50.00811,0.200467,0.49630,25.0177,1.00047,5.00096,5.08784,NONE
6.780000,normal,49.99029,0.200278,0.53033,25.0176,1.00121,5.00756,5.09328,NONE
6.790000,normal,49.99820,0.199980,0.50964,25.0044,1.00186,4.99373,5.11057,NONE
6.800000,normal,49.99098,0.200449,0.51410,25.0114,1.00076,5.01279,5.10080,NONE
6.810000,normal,49.99084,0.199719,0.51731,25.0206,0.99973,5.01150,5.11389,NONE
6.820000,normal,50.00959,0.200001,0.47702,25.0205,1.00073,5.01119,5.10478,NONE
6.830000,normal,49.99762,0.200456,0.50807,25.0065,1.00137,4.99002,5.08833,NONE
6.840000,normal,49.99636,0.199549,0.45458,25.0103,0.99999,4.98756,5.08884,NONE
6.850000,normal,49.99265,0.199583,0.46905,25.0144,0.99933,5.01083,5.09592,NONE
6.860000,normal,50.00280,0.200155,0.51079,25.0109,0.99936,5.01266,5.10161,NONE
6.870000,normal,49.99897,0.199802,0.51957,25.0050,1.00197,5.00055,5.10458,NONE
6.880000,normal,49.99069,0.200017,0.47046,25.0073,1.00043,5.01342,5.11355,NONE
6.890000,normal,50.00771,0.200205,0.54783,25.0107,1.00107,4.98934,5.09391,NONE
6.900000,normal,50.00758,0.199936,0.48049,25.0147,1.00182,5.01099,5.10527,NONE
6.910000,normal,49.99212,0.200396,0.52668,25.0092,1.00070,4.99157,5.08586,NONE
6.920000,normal,49.99624,0.199991,0.50631,25.0196,1.00054,5.00169,5.09869,NONE
6.930000,normal,50.00875,0.200446,0.48354,25.0221,1.00160,5.00051,5.10705,NONE
6.940000,normal,49.99008,0.200189,0.51698,25.0109,0.99965,5.00742,5.08672,NONE
6.950000,normal,49.99167,0.199905,0.53444,25.0221,0.99922,5.01257,5.11169,NONE
6.960000,normal,50.00078,0.199935,0.50607,25.0207,1.00044,5.00976,5.09819,NONE
6.970000,normal,49.99456,0.200225,0.47070,25.0196,1.00196,4.98909,5.10981,NONE
6.980000,normal,50.00668,0.199660,0.46597,25.0110,0.99908,4.98695,5.10993,NONE
6.990000,normal,49.99990,0.200456,0.46388,25.0149,1.00049,4.99413,5.10883,NONE
7.000000,normal,50.00418,0.199854,0.46306,25.0129,1.00124,5.01349,5.11381,NONE
7.010000,normal,50.00672,0.200465,0.53794,25.0055,0.99874,5.00007,5.10314,NONE
7.020000,normal,50.00857,0.199643,0.47989,25.0168,0.99851,4.98832,5.10948,NONE
7.030000,normal,50.00892,0.199814,0.50174,25.0055,0.99926,5.00787,5.10776,NONE
7.040000,normal,50.00973,0.200008,0.48146,25.0064,1.00166,4.99845,5.11197,NONE
7.050000,normal,49.99674,0.200250,0.54799,25.0210,0.99943,5.01039,5.10700,NONE
7.060000,normal,49.99895,0.200312,0.45478,25.0184,0.99816,4.98993,5.11178,NONE
7.070000,normal,49.99547,0.200308,0.46130,25.0100,0.99962,4.99426,5.10667,NONE
7.080000,normal,49.99214,0.200059,0.54764,25.0116,0.99875,4.99634,5.09298,NONE
7.090000,normal,50.00944,0.200065,0.54547,25.0067,1.00189,5.01310,5.08831,NONE
7.100000,normal,49.99750,0.200289,0.52321,25.0050,1.00126,5.00708,5.09687,NONE
7.110000,normal,50.00690,0.200469,0.53394,25.0208,1.00165,5.01165,5.09559,NONE
7.120000,normal,49.99962,0.199826,0.53479,25.0166,1.00087,5.00046,5.10342,NONE
7.130000,normal,49.99360,0.200215,0.49460,25.0236,0.99838,5.00077,5.09560,NONE
7.140000,normal,49.99184,0.200249,0.53898,25.0204,0.99917,4.99299,5.08544,NONE
7.150000,normal,50.00165,0.199630,0.53603,25.0096,1.00051,4.99717,5.11069,NONE
7.160000,normal,49.99219,0.200059,0.48929,25.0082,1.00169,5.00171,5.09009,NONE
7.170000,normal,49.99563,0.199791,0.47405,25.0051,1.00190,5.01288,5.09935,NONE
7.180000,normal,50.00065,0.199596,0.51473,25.0054,0.99803,5.01385,5.11289,NONE
7.190000,normal,49.99270,0.199975,0.48100,25.0184,0.99812,4.98793,5.10658,NONE
7.200000,normal,50.00323,0.199909,0.47226,25.0172,1.00120,5.00403,5.10114,NONE
7.210000,normal,49.99743,0.199786,0.52107,25.0161,1.00171,4.99909,5.09437,NONE
7.220000,normal,49.99813,0.199524,0.49832,25.0095,1.00118,5.00553,5.09028,NONE
7.230000,normal,50.00752,0.199755,0.53116,25.0076,1.00050,4.98813,5.10165,NONE
7.240000,normal,49.99678,0.200023,0.45472,25.0160,1.00075,5.00554,5.08774,NONE
7.250000,normal,50.00427,0.200229,0.54219,25.0190,0.99944,5.00798,5.09812,NONE
7.260000,normal,49.99449,0.199992,0.49890,25.0236,0.99895,4.98716,5.09882,NONE
7.270000,normal,50.00282,0.199667,0.50901,25.0140,0.99914,4.99557,5.09913,NONE
7.280000,normal,49.99744,0.200416,0.48980,25.0208,0.99990,4.99955,5.09710,NONE
7.290000,normal,49.99352,0.200435,0.53254,25.0148,0.99865,4.98829,5.10648,NONE
7.300000,normal,49.99217,0.200423,0.49857,25.0074,0.99810,4.99417,5.11283,NONE
7.310000,normal,49.99761,0.199639,0.47268,25.0175,0.99948,4.98814,5.10412,NONE
7.320000,normal,49.99527,0.199573,0.51043,25.0147,1.00011,4.99655,5.09509,NONE
7.330000,normal,50.00041,0.199740,0.47113,25.0079,1.00153,4.99716,5.10573,NONE
7.340000,normal,50.00248,0.200174,0.51074,25.0101,1.00057,4.99090,5.10283,NONE
7.350000,normal,49.99301,0.200477,0.48523,25.0200,1.00066,5.00870,5.11402,NONE
7.360000,normal,49.99287,0.200415,0.52600,25.0153,1.00129,4.98632,5.10418,NONE
7.370000,normal,50.00154,0.200328,0.48408,25.0118,0.99933,4.99747,5.09723,NONE
7.380000,normal,49.99233,0.200061,0.47092,25.0123,1.00168,5.00063,5.09859,NONE
7.390000,normal,49.99227,0.200143,0.53251,25.0247,0.99983,5.01407,5.08780,NONE
7.400000,normal,50.00668,0.200089,0.51628,25.0125,1.00196,5.00644,5.09016,NONE
7.410000,normal,50.00215,0.200003,0.49325,25.0167,1.00026,4.99370,5.09872,NONE
7.420000,normal,49.99570,0.200499,0.47096,25.0147,0.99954,5.00799,5.09898,NONE
7.430000,normal,49.99932,0.199622,0.46922,25.0090,0.99913,5.00146,5.08657,NONE
7.440000,normal,49.99984,0.199720,0.54628,25.0096,0.99908,5.01115,5.08816,NONE
7.450000,normal,49.99817,0.200027,0.49218,25.0241,0.99961,5.00346,5.09356,NONE
7.460000,normal,50.00970,0.200050,0.47277,25.0119,0.99983,5.00645,5.11324,NONE
7.470000,normal,49.99943,0.199623,0.49788,25.0102,0.99853,5.00308,5.09562,NONE
7.480000,normal,50.00874,0.199573,0.45024,25.0249,1.00047,4.99193,5.10651,NONE
7.490000,normal,50.00885,0.200373,0.51674,25.0205,1.00167,4.99912,5.08698,NONE
7.500000,normal,49.99965,0.200420,0.46229,25.0082,1.00156,5.00113,5.08565,NONE
7.510000,normal,49.99037,0.199602,0.51037,25.0072,0.99878,4.99721,5.09574,NONE
7.520000,normal,49.99044,0.200283,0.45834,25.0152,0.99978,4.99882,5.10406,NONE
7.530000,normal,50.00097,0.200005,0.50255,25.0248,1.00019,4.99166,5.10551,NONE
7.540000,normal,50.00309,0.200216,0.52974,25.0223,0.99818,4.99452,5.09319,NONE
7.550000,normal,49.99746,0.199832,0.54686,25.0054,0.99958,5.00154,5.08877,NONE
7.560000,normal,50.00314,0.200076,0.46451,25.0092,1.00084,4.98868,5.10426,NONE
7.570000,normal,49.99065,0.200050,0.54645,25.0114,1.00107,4.98621,5.10369,NONE
7.580000,normal,50.00734,0.199993,0.48713,25.0093,1.00150,4.99024,5.10321,NONE
7.590000,normal,49.99098,0.199511,0.45157,25.0206,0.99918,4.99204,5.09013,NONE
7.600000,normal,49.99695,0.200157,0.45881,25.0233,0.99948,5.00450,5.09689,NONE
7.610000,normal,49.99348,0.199967,0.51411,25.0147,0.99994,4.99631,5.10947,NONE
7.620000,normal,50.00019,0.200395,0.45886,25.0143,1.00087,4.99758,5.08554,NONE
7.630000,normal,50.00940,0.200141,0.53028,25.0179,0.99864,4.98817,5.10859,NONE
7.640000,normal,49.99706,0.199689,0.47277,25.0151,0.99967,4.99707,5.10551,NONE
7.650000,normal,49.99920,0.200066,0.46107,25.0056,1.00041,5.01149,5.10699,NONE
7.660000,normal,49.99862,0.200447,0.50641,25.0191,0.99893,4.99689,5.11123,NONE
7.670000,normal,49.99688,0.199660,0.53918,25.0111,0.99893,4.99267,5.11073,NONE
7.680000,normal,50.00654,0.200019,0.51121,25.0195,1.00186,4.98792,5.08670,NONE
7.690000,normal,49.99158,0.199997,0.45929,25.0159,0.99948,5.00009,5.09343,NONE
7.700000,normal,50.00504,0.200275,0.47309,25.0245,0.99863,5.01354,5.10736,NONE
7.710000,normal,50.00836,0.200065,0.45973,25.0091,0.99994,4.99171,5.09538,NONE
7.720000,normal,50.00097,0.200097,0.46880,25.0121,0.99863,4.98993,5.11408,NONE
7.730000,normal,49.99966,0.200071,0.54653,25.0125,1.00004,5.00701,5.09362,NONE
7.740000,normal,50.00582,0.199817,0.45969,25.0202,1.00069,5.00556,5.11493,NONE
7.750000,normal,50.00085,0.199511,0.53926,25.0248,0.99978,4.98877,5.11069,NONE
7.760000,normal,49.99210,0.200246,0.45510,25.0138,1.00140,5.00956,5.10811,NONE
7.770000,normal,49.99114,0.199501,0.54056,25.0059,0.99899,4.99317,5.10396,NONE
7.780000,normal,49.99179,0.200313,0.46707,25.0140,1.00007,4.99766,5.10443,NONE
7.790000,normal,49.99421,0.200109,0.50195,25.0227,1.00140,4.99286,5.11397,NONE
7.800000,normal,50.00262,0.199693,0.47620,25.0130,0.99927,5.01205,5.08976,NONE
7.810000,normal,50.00395,0.199950,0.48563,25.0250,1.00066,5.00156,5.09443,NONE
7.820000,normal,50.00549,0.199630,0.46656,25.0236,0.99890,5.00178,5.09108,NONE
7.830000,normal,50.00997,0.199927,0.45999,25.0110,0.99883,5.00958,5.09189,NONE
7.840000,normal,49.99941,0.199569,0.54655,25.0073,0.99987,5.00857,5.11410,NONE
7.850000,normal,49.99687,0.199975,0.52316,25.0137,0.99835,5.01154,5.08519,NONE
7.860000,normal,50.00460,0.199706,0.48411,25.0123,0.99823,4.99170,5.09928,NONE
7.870000,normal,50.00151,0.199915,0.47939,25.0244,1.00007,5.00061,5.08631,NONE
7.880000,normal,49.99730,0.200255,0.52951,25.0133,0.99915,5.01161,5.09676,NONE
7.890000,normal,50.00522,0.200238,0.50397,25.0106,0.99952,4.99124,5.11169,NONE
7.900000,normal,49.99658,0.199670,0.50921,25.0208,1.00010,4.99716,5.10326,NONE
7.910000,normal,49.99419,0.199733,0.48042,25.0128,1.00108,4.99498,5.10836,NONE
7.920000,normal,49.99058,0.200282,0.52978,25.0147,1.00010,5.00267,5.11429,NONE
7.930000,normal,49.99243,0.199582,0.48418,25.0167,0.99943,5.00482,5.10956,NONE
7.940000,normal,50.00389,0.200431,0.46441,25.0081,1.00038,4.99980,5.10861,NONE
7.950000,normal,49.99869,0.199737,0.47706,25.0130,1.00174,5.00300,5.11084,NONE
7.960000,normal,49.99444,0.200187,0.48649,25.0074,1.00125,5.00348,5.08665,NONE
7.970000,normal,49.99360,0.200351,0.47205,25.0241,1.00089,4.99937,5.08838,NONE
7.980000,normal,50.00472,0.199788,0.49637,25.0225,1.00170,5.01130,5.09646,NONE
7.990000,normal,50.00615,0.199585,0.48542,25.0084,1.00023,4.99089,5.10669,NONE
8.000000,normal,50.00362,0.200007,0.54010,25.0234,1.00098,4.98987,5.09749,NONE
8.010000,normal,49.99180,0.199537,0.51779,25.0189,0.99873,5.01331,5.10055,NONE
8.020000,normal,49.99876,0.200344,0.47457,25.0061,1.00110,5.00135,5.10015,NONE
8.030000,normal,49.99847,0.200214,0.45560,25.0227,0.99886,5.00219,5.10872,NONE
8.040000,normal,50.00028,0.200323,0.47169,25.0203,1.00052,4.99443,5.09567,NONE
8.050000,normal,49.99321,0.199635,0.46372,25.0216,1.00079,4.99585,5.08930,NONE
8.060000,normal,49.99281,0.199790,0.50833,25.0238,0.99963,5.01051,5.09113,NONE
8.070000,normal,49.99221,0.200160,0.50688,25.0244,0.99964,5.00901,5.11314,NONE
8.080000,normal,50.00842,0.200035,0.53810,25.0089,1.00163,5.00212,5.09869,NONE
8.090000,normal,49.99191,0.200310,0.49679,25.0101,0.99813,4.99460,5.09719,NONE
8.100000,normal,50.00578,0.200340,0.51834,25.0101,0.99855,5.01070,5.10884,NONE
8.110000,normal,49.99956,0.200466,0.47066,25.0167,1.00068,5.01396,5.08706,NONE
8.120000,normal,49.99698,0.200288,0.45123,25.0164,0.99980,5.00011,5.10634,NONE
8.130000,normal,50.00037,0.200222,0.47080,25.0154,1.00191,5.00581,5.09400,NONE
8.140000,normal,49.99790,0.200374,0.52341,25.0151,0.99932,5.01350,5.08651,NONE
8.150000,normal,49.99477,0.199653,0.47118,25.0199,1.00167,5.00107,5.10779,NONE
8.160000,normal,49.99883,0.200217,0.47508,25.0064,0.99899,5.01074,5.11041,NONE
8.170000,normal,50.00648,0.199642,0.49036,25.0074,0.99805,4.98933,5.10048,NONE
8.180000,normal,49.99384,0.199580,0.52860,25.0124,0.99808,5.00375,5.09238,NONE
8.190000,normal,49.99956,0.200496,0.49840,25.0119,0.99966,5.00152,5.08885,NONE
8.200000,normal,49.99783,0.200433,0.53887,25.0241,0.99889,5.00406,5.11356,NONE
8.210000,normal,50.00312,0.199697,0.47396,25.0105,0.99886,4.98770,5.09173,NONE
8.220000,normal,49.99422,0.200142,0.52548,25.0200,1.00183,5.00388,5.09343,NONE
8.230000,normal,50.00583,0.199585,0.45291,25.0219,1.00117,5.00729,5.09549,NONE
8.240000,normal,50.00112,0.200429,0.48972,25.0182,0.99849,5.01384,5.10843,NONE
8.250000,normal,50.00118,0.200367,0.53811,25.0162,1.00077,4.99654,5.10176,NONE
8.260000,normal,49.99546,0.199777,0.54059,25.0090,0.99895,5.01136,5.09616,NONE
8.270000,normal,49.99919,0.199907,0.46743,25.0152,0.99809,5.01376,5.09990,NONE
8.280000,normal,49.99884,0.200318,0.53331,25.0165,1.00099,5.00845,5.09494,NONE
8.290000,normal,50.00197,0.199584,0.46993,25.0221,1.00158,4.99072,5.08809,NONE
8.300000,normal,50.00253,0.199663,0.49291,25.0184,1.00130,5.00957,5.08638,NONE
8.310000,normal,49.99177,0.199930,0.53480,25.0120,0.99925,4.99931,5.10366,NONE
8.320000,normal,49.99856,0.199587,0.53601,25.0180,0.99806,5.00551,5.10186,NONE
8.330000,normal,50.00996,0.200054,0.48032,25.0144,1.00000,5.00827,5.11278,NONE
8.340000,normal,50.00421,0.199548,0.54644,25.0221,1.00047,4.98974,5.09761,NONE
8.350000,normal,49.99764,0.199932,0.49682,25.0103,0.99905,4.98784,5.09264,NONE
8.360000,normal,50.00644,0.199769,0.48676,25.0086,1.00023,4.99677,5.09567,NONE
8.370000,normal,49.99184,0.199642,0.45484,25.0146,1.00113,4.99167,5.11373,NONE
8.380000,normal,50.00574,0.199607,0.46864,25.0170,1.00163,4.98905,5.08509,NONE
8.390000,normal,50.00942,0.199547,0.47397,25.0242,1.00131,4.98749,5.10703,NONE
8.400000,normal,49.99239,0.200234,0.54243,25.0113,1.00142,5.00698,5.08767,NONE
8.410000,normal,49.99268,0.200456,0.54452,25.0162,1.00071,4.99352,5.10784,NONE
8.420000,normal,49.99839,0.199820,0.53086,25.0076,0.99925,5.00761,5.09990,NONE
8.430000,normal,49.99934,0.199775,0.54045,25.0170,1.00146,4.99618,5.08667,NONE
8.440000,normal,50.00154,0.200491,0.50472,25.0109,0.99860,4.98839,5.09760,NONE
8.450000,normal,50.00536,0.199965,0.46387,25.0218,1.00157,5.01108,5.11476,NONE
8.460000,normal,49.99070,0.199938,0.51155,25.0253,1.00041,5.00450,5.09534,NONE
8.470000,normal,49.99339,0.199931,0.47436,25.0141,0.99931,5.00256,5.08921,NONE
8.480000,normal,49.99892,0.199690,0.50240,25.0116,1.00048,5.00955,5.08945,NONE
8.490000,normal,49.99397,0.199775,0.48817,25.0181,1.00125,5.01170,5.08768,NONE
8.500000,normal,49.99106,0.200313,0.48820,25.0096,1.00178,5.00033,5.11495,NONE
8.510000,normal,49.99182,0.200268,0.53764,25.0204,0.99958,5.00777,5.10639,NONE
8.520000,normal,49.99984,0.200247,0.47705,25.0188,1.00005,5.00499,5.09285,NONE
8.530000,normal,49.99733,0.199912,0.46721,25.0080,0.99823,4.99882,5.08516,NONE
8.540000,normal,49.99633,0.200168,0.52909,25.0180,1.00010,4.99185,5.08926,NONE
8.550000,normal,49.99457,0.200271,0.46547,25.0197,0.99833,5.01166,5.09112,NONE
8.560000,normal,50.00295,0.199753,0.49593,25.0133,0.99916,5.00953,5.10072,NONE
8.570000,normal,50.00336,0.199737,0.49780,25.0262,1.00166,5.00533,5.08527,NONE
8.580000,normal,50.00619,0.200069,0.52060,25.0214,1.00023,4.99081,5.09591,NONE
8.590000,normal,49.99493,0.199833,0.46991,25.0119,0.99859,5.00392,5.09532,NONE
8.600000,normal,50.00827,0.199598,0.54028,25.0187,1.00183,5.00884,5.09165,NONE
8.610000,normal,49.99047,0.199832,0.52213,25.0107,0.99813,4.99904,5.11102,NONE
8.620000,normal,50.00791,0.199678,0.49115,25.0239,0.99846,4.99765,5.11493,NONE
8.630000,normal,50.00998,0.199824,0.48728,25.0125,0.99927,5.00873,5.09639,NONE
8.640000,normal,50.00738,0.199978,0.54256,25.0209,0.99836,5.01491,5.11247,NONE
8.650000,normal,49.99665,0.200484,0.54419,25.0236,0.99826,4.99219,5.11351,NONE
8.660000,normal,50.00116,0.200058,0.51759,25.0116,0.99947,4.99736,5.08899,NONE
8.670000,normal,50.00124,0.199764,0.52414,25.0222,0.99853,4.99836,5.08738,NONE
8.680000,normal,49.99784,0.200206,0.47113,25.0100,0.99916,4.99300,5.09468,NONE
8.690000,normal,50.00243,0.199613,0.48143,25.0246,0.99872,4.99449,5.08663,NONE
8.700000,normal,49.99769,0.200098,0.52516,25.0205,0.99823,5.01285,5.08540,NONE
8.710000,normal,50.00382,0.199602,0.48149,25.0209,1.00194,5.00932,5.11349,NONE
8.720000,normal,49.99918,0.199506,0.48556,25.0139,0.99819,4.99399,5.10517,NONE
8.730000,normal,49.99849,0.200268,0.49392,25.0210,1.00048,4.99683,5.11476,NONE
8.740000,normal,49.99544,0.199836,0.51674,25.0177,0.99946,4.98841,5.09462,NONE
8.750000,normal,50.00775,0.199821,0.46187,25.0240,0.99842,4.99168,5.09507,NONE
8.760000,normal,49.99261,0.199699,0.51137,25.0235,0.99905,5.01336,5.08972,NONE
8.770000,normal,49.99398,0.200035,0.45807,25.0268,1.00082,5.00016,5.09246,NONE
8.780000,normal,49.99176,0.199748,0.49248,25.0157,1.00004,5.00343,5.08707,NONE
8.790000,normal,49.99973,0.200368,0.48901,25.0242,1.00030,5.00976,5.09486,NONE
8.800000,normal,49.99149,0.200465,0.50731,25.0088,1.00147,5.00591,5.09507,NONE
8.810000,normal,50.00632,0.199974,0.47718,25.0263,1.00196,4.99144,5.09229,NONE
8.820000,normal,50.00558,0.200272,0.54571,25.0253,1.00071,5.00407,5.08802,NONE
8.830000,normal,49.99880,0.200130,0.49487,25.0276,1.00065,5.01023,5.10446,NONE
8.840000,normal,49.99500,0.200098,0.52383,25.0162,0.99943,5.01255,5.10264,NONE
8.850000,normal,49.99859,0.199946,0.54606,25.0226,0.99985,4.98642,5.08506,NONE
8.860000,normal,50.00304,0.200147,0.54600,25.0149,0.99863,4.98795,5.09742,NONE
8.870000,normal,50.00441,0.199947,0.45358,25.0179,1.00200,5.00064,5.11286,NONE
8.880000,normal,50.00200,0.199924,0.47604,25.0164,0.99848,5.00296,5.11497,NONE
8.890000,normal,49.99540,0.200438,0.51174,25.0176,1.00189,4.99610,5.09355,NONE
8.900000,normal,50.00640,0.200333,0.54545,25.0137,1.00114,4.99463,5.10918,NONE
8.910000,normal,50.00025,0.200401,0.46703,25.0261,0.99969,4.98931,5.08707,NONE
8.920000,normal,50.00730,0.199808,0.47973,25.0220,1.00154,5.00576,5.09288,NONE
8.930000,normal,49.99307,0.200239,0.49764,25.0140,0.99927,4.99143,5.09880,NONE
8.940000,normal,49.99074,0.199581,0.46899,25.0150,0.99824,5.01192,5.10217,NONE
8.950000,normal,50.00238,0.199850,0.53184,25.0105,1.00013,5.00479,5.10258,NONE
8.960000,normal,50.00765,0.200418,0.52373,25.0161,1.00092,4.99483,5.09932,NONE
8.970000,normal,50.00523,0.199590,0.48325,25.0158,1.00056,5.00841,5.10537,NONE
8.980000,normal,49.99846,0.199937,0.47474,25.0278,1.00012,5.00581,5.09212,NONE
8.990000,normal,50.00493,0.200461,0.54238,25.0137,0.99891,5.01075,5.08870,NONE
9.000000,normal,50.00944,0.200170,0.47721,25.0191,0.99952,4.99842,5.11316,NONE
9.010000,normal,50.00964,0.199651,0.45663,25.0277,0.99831,5.00292,5.08941,NONE
9.020000,normal,50.00584,0.199732,0.49528,25.0238,0.99932,4.98905,5.10177,NONE
9.030000,normal,50.00205,0.200209,0.50946,25.0117,1.00127,4.98950,5.10158,NONE
9.040000,normal,49.99550,0.200029,0.45527,25.0263,1.00121,5.00475,5.09364,NONE
9.050000,normal,50.00719,0.200406,0.48177,25.0193,1.00124,5.00250,5.10100,NONE
9.060000,normal,50.00177,0.199859,0.49588,25.0159,1.00178,4.99106,5.09361,NONE
9.070000,normal,50.00928,0.200090,0.49948,25.0132,0.99978,4.99493,5.09499,NONE
9.080000,normal,49.99301,0.199579,0.49117,25.0131,0.99929,4.99573,5.10373,NONE
9.090000,normal,50.00913,0.200366,0.54814,25.0258,1.00191,4.99945,5.10958,NONE
9.100000,normal,50.00299,0.200372,0.51054,25.0269,1.00043,5.00944,5.09728,NONE
9.110000,normal,49.99302,0.200024,0.52364,25.0111,1.00175,5.01324,5.08644,NONE
9.120000,normal,50.00987,0.200039,0.48892,25.0104,1.00093,4.99746,5.09841,NONE
9.130000,normal,49.99332,0.199667,0.49453,25.0199,0.99825,4.99742,5.08904,NONE
9.140000,normal,49.99576,0.199714,0.54174,25.0144,1.00154,5.00057,5.11125,NONE
9.150000,normal,50.00132,0.200181,0.53197,25.0167,0.99925,4.98710,5.09401,NONE
9.160000,normal,49.99155,0.200156,0.45429,25.0167,0.99865,5.01412,5.10082,NONE
9.170000,normal,49.99550,0.200439,0.52441,25.0170,1.00097,5.00093,5.09621,NONE
9.180000,normal,49.99856,0.200121,0.53498,25.0199,0.99945,5.00458,5.08563,NONE
9.190000,normal,49.99464,0.199725,0.49180,25.0088,1.00018,5.00665,5.09625,NONE
9.200000,normal,49.99577,0.200129,0.52800,25.0201,1.00059,4.98906,5.08730,NONE
9.210000,normal,50.00653,0.199540,0.45495,25.0192,0.99928,5.01487,5.10424,NONE
9.220000,normal,50.00547,0.199987,0.46394,25.0184,0.99996,4.99729,5.09088,NONE
9.230000,normal,49.99982,0.200200,0.45543,25.0161,0.99940,4.98808,5.09563,NONE
9.240000,normal,50.00706,0.199995,0.46934,25.0260,1.00069,5.00451,5.10958,NONE
9.250000,normal,49.99155,0.200028,0.46698,25.0090,0.99877,5.00856,5.10975,NONE
9.260000,normal,49.99500,0.200261,0.48717,25.0269,1.00199,4.99925,5.09422,NONE
9.270000,normal,49.99582,0.200045,0.54657,25.0172,0.99821,4.99797,5.10291,NONE
9.280000,normal,49.99851,0.200158,0.46376,25.0144,0.99860,5.00878,5.10973,NONE
9.290000,normal,49.99192,0.199965,0.54794,25.0279,0.99800,4.98633,5.11018,NONE
9.300000,normal,49.99402,0.200136,0.46239,25.0179,0.99975,4.98968,5.09343,NONE
9.310000,normal,50.00470,0.199973,0.52044,25.0256,1.00134,4.98940,5.10778,NONE
9.320000,normal,49.99277,0.199962,0.45277,25.0121,1.00034,4.98750,5.09140,NONE
9.330000,normal,49.99596,0.200435,0.54512,25.0227,0.99968,5.01419,5.09524,NONE
9.340000,normal,49.99142,0.199621,0.52916,25.0256,1.00107,4.99025,5.10497,NONE
9.350000,normal,50.00607,0.200204,0.47696,25.0140,1.00157,5.00284,5.10834,NONE
9.360000,normal,49.99962,0.200497,0.50965,25.0143,0.99954,5.00256,5.08788,NONE
9.370000,normal,50.00941,0.199855,0.47138,25.0240,1.00087,4.99960,5.11381,NONE
9.380000,normal,50.00132,0.199753,0.49601,25.0217,0.99811,5.00152,5.11108,NONE
9.390000,normal,49.99875,0.199773,0.53195,25.0154,0.99935,5.00278,5.09960,NONE
9.400000,normal,49.99218,0.200058,0.50946,25.0099,1.00031,5.01043,5.09551,NONE
9.410000,normal,50.00148,0.199968,0.53042,25.0273,1.00016,4.98894,5.09532,NONE
9.420000,normal,50.00041,0.199520,0.49286,25.0187,1.00008,4.99212,5.10767,NONE
9.430000,normal,49.99780,0.200411,0.47586,25.0260,1.00134,4.99840,5.10861,NONE
9.440000,normal,50.00901,0.199920,0.46665,25.0152,0.99963,5.00856,5.08800,NONE
9.450000,normal,50.00758,0.200110,0.45393,25.0147,1.00026,5.01461,5.10188,NONE
9.460000,normal,50.00906,0.199788,0.47472,25.0265,0.99826,4.99839,5.10284,NONE
9.470000,normal,50.00054,0.199724,0.47484,25.0162,0.99931,4.99391,5.10148,NONE
9.480000,normal,49.99431,0.200354,0.53882,25.0223,1.00016,4.98632,5.08508,NONE
9.490000,normal,49.99444,0.199610,0.46772,25.0162,1.00193,5.00134,5.10512,NONE
9.500000,normal,49.99114,0.199769,0.48764,25.0112,0.99890,5.00958,5.10273,NONE
9.510000,normal,49.99990,0.199667,0.49374,25.0249,0.99945,5.01192,5.10483,NONE
9.520000,normal,49.99333,0.200068,0.52003,25.0138,1.00148,5.00451,5.10618,NONE
9.530000,normal,49.99883,0.200445,0.52905,25.0176,1.00175,5.00876,5.09923,NONE
9.540000,normal,49.99187,0.199839,0.53271,25.0119,1.00025,5.01122,5.09951,NONE
9.550000,normal,50.00859,0.199522,0.54577,25.0153,1.00129,4.99073,5.11191,NONE
9.560000,normal,50.00524,0.200473,0.47208,25.0218,0.99866,5.01463,5.08756,NONE
9.570000,normal,49.99552,0.200498,0.50228,25.0253,0.99948,5.01474,5.10895,NONE
9.580000,normal,49.99871,0.199745,0.48923,25.0139,0.99938,4.99698,5.11333,NONE
9.590000,normal,50.00252,0.199897,0.49858,25.0139,0.99849,4.99361,5.10101,NONE
9.600000,normal,50.00066,0.200468,0.46725,25.0128,0.99808,4.99697,5.08841,NONE
9.610000,normal,49.99573,0.200028,0.46524,25.0245,1.00175,5.01149,5.10902,NONE
9.620000,normal,49.99481,0.200499,0.48289,25.0232,0.99902,5.00652,5.10795,NONE
9.630000,normal,49.99684,0.200457,0.49125,25.0242,0.99852,5.00603,5.11130,NONE
9.640000,normal,49.99591,0.199648,0.54084,25.0268,1.00146,5.01395,5.09952,NONE
9.650000,normal,50.00171,0.200223,0.46314,25.0114,1.00170,4.99409,5.08897,NONE
9.660000,normal,49.99971,0.199516,0.50981,25.0137,0.99800,5.01455,5.08690,NONE
9.670000,normal,49.99316,0.200378,0.54213,25.0254,0.99971,5.01399,5.08879,NONE
9.680000,normal,50.00139,0.200118,0.47711,25.0208,0.99806,4.99243,5.09504,NONE
9.690000,normal,50.00862,0.199929,0.45262,25.0253,0.99929,4.99828,5.11469,NONE
9.700000,normal,49.99708,0.199769,0.45265,25.0188,1.00170,5.01371,5.11482,NONE
9.710000,normal,50.00127,0.199763,0.45199,25.0169,1.00048,5.01439,5.09259,NONE
9.720000,normal,50.00607,0.200335,0.47686,25.0158,1.00191,4.98660,5.10578,NONE
9.730000,normal,50.00954,0.199933,0.50278,25.0123,0.99993,4.99220,5.09561,NONE
9.740000,normal,49.99405,0.200039,0.54938,25.0099,1.00183,5.01154,5.10601,NONE
9.750000,normal,50.00392,0.200494,0.53233,25.0105,1.00131,5.00550,5.10899,NONE
9.760000,normal,50.00536,0.199635,0.48023,25.0288,1.00014,5.00027,5.09970,NONE
9.770000,normal,50.00451,0.200386,0.54565,25.0144,0.99818,5.00407,5.11396,NONE
9.780000,normal,50.00197,0.199531,0.50089,25.0247,1.00018,4.99907,5.09963,NONE
9.790000,normal,49.99789,0.200268,0.51347,25.0197,1.00032,5.01355,5.10877,NONE
9.800000,normal,50.00462,0.200392,0.54315,25.0165,0.99918,5.01496,5.09298,NONE
9.810000,normal,49.99963,0.200255,0.49303,25.0285,0.99812,5.00527,5.11000,NONE
9.820000,normal,49.99310,0.200414,0.52837,25.0160,0.99963,4.98625,5.09865,NONE
9.830000,normal,49.99009,0.199790,0.51206,25.0192,1.00093,5.00853,5.09008,NONE
9.840000,normal,49.99529,0.199959,0.49072,25.0234,1.00092,5.00768,5.11244,NONE
9.850000,normal,50.00716,0.199881,0.46217,25.0171,0.99925,5.00599,5.09461,NONE
9.860000,normal,49.99311,0.200087,0.51619,25.0150,0.99889,4.99682,5.08716,NONE
9.870000,normal,49.99186,0.200361,0.46281,25.0125,0.99851,4.99012,5.09732,NONE
9.880000,normal,50.00610,0.199819,0.49625,25.0119,1.00166,4.98987,5.08745,NONE
9.890000,normal,50.00238,0.200029,0.47721,25.0255,1.00130,4.98782,5.08818,NONE
9.900000,normal,49.99395,0.200203,0.50153,25.0292,1.00039,5.01291,5.09781,NONE
9.910000,normal,49.99998,0.200348,0.54406,25.0123,0.99847,4.99188,5.09351,NONE
9.920000,normal,49.99636,0.199630,0.45907,25.0153,0.99985,4.98635,5.08736,NONE
9.930000,normal,49.99847,0.200027,0.53871,25.0183,0.99902,4.99548,5.10214,NONE
9.940000,normal,49.99686,0.199760,0.49637,25.0192,1.00187,4.98685,5.08930,NONE
9.950000,normal,49.99797,0.200270,0.45183,25.0207,0.99875,4.99969,5.11140,NONE
9.960000,normal,50.00350,0.200060,0.47979,25.0224,0.99954,5.00072,5.09750,NONE
9.970000,normal,50.00497,0.199850,0.47851,25.0181,0.99830,4.99703,5.09718,NONE
9.980000,normal,50.00006,0.199808,0.45304,25.0249,0.99892,4.98548,5.09051,NONE
9.990000,normal,49.99590,0.200474,0.50216,25.0240,0.99908,4.99749,5.09591,NONE
10.000000,normal,50.00221,0.199619,0.45636,25.0248,1.00145,4.99111,5.09461,NONE
10.010000,normal,50.00111,0.200271,0.54194,25.0117,0.99850,4.99981,5.09934,NONE
10.020000,normal,49.99107,0.199553,0.50917,25.0147,0.99907,4.99951,5.08624,NONE
10.030000,normal,49.99230,0.199657,0.46636,25.0191,1.00009,5.00129,5.08807,NONE
10.040000,normal,49.99722,0.199869,0.54931,25.0243,0.99869,5.00759,5.11010,NONE
10.050000,normal,49.99963,0.200426,0.46469,25.0147,0.99868,4.98642,5.09308,NONE
10.060000,normal,50.00806,0.199920,0.47287,25.0181,1.00081,5.00824,5.08618,NONE
10.070000,normal,50.00654,0.199694,0.46876,25.0164,1.00045,5.00962,5.08819,NONE
10.080000,normal,49.99699,0.199725,0.48972,25.0233,0.99886,4.99040,5.09670,NONE
10.090000,normal,50.00234,0.200408,0.53652,25.0105,0.99826,4.99296,5.09769,NONE
10.100000,normal,50.00006,0.199872,0.53430,25.0264,0.99991,4.99711,5.10703,NONE
10.110000,normal,49.99515,0.199522,0.50189,25.0265,1.00135,4.98625,5.11327,NONE
10.120000,normal,50.00042,0.199735,0.52828,25.0243,0.99979,4.99508,5.11193,NONE
10.130000,normal,49.99309,0.199750,0.46893,25.0246,1.00000,4.99891,5.09081,NONE
10.140000,normal,50.00083,0.200019,0.51438,25.0107,0.99863,4.99337,5.10442,NONE
10.150000,normal,49.99048,0.200063,0.53851,25.0248,1.00032,4.99842,5.10148,NONE
10.160000,normal,49.99383,0.199535,0.54893,25.0114,0.99852,4.99867,5.10922,NONE
10.170000,normal,49.99920,0.199904,0.50907,25.0199,0.99981,4.99585,5.11070,NONE
10.180000,normal,49.99577,0.200321,0.48665,25.0123,0.99808,5.01247,5.10952,NONE
10.190000,normal,50.00521,0.200415,0.54536,25.0119,1.00176,5.01143,5.10372,NONE
10.200000,normal,50.00046,0.199879,0.49543,25.0106,0.99869,5.00819,5.10474,NONE
10.210000,normal,49.99735,0.200078,0.46698,25.0250,1.00122,5.00929,5.09592,NONE
10.220000,normal,50.00688,0.199945,0.53323,25.0253,0.99933,4.99532,5.11210,NONE
10.230000,normal,49.99101,0.199794,0.52826,25.0143,1.00025,4.98779,5.09998,NONE
10.240000,normal,50.00945,0.199943,0.48443,25.0121,0.99820,5.00055,5.08597,NONE
10.250000,normal,50.00478,0.200038,0.54846,25.0297,1.00112,5.00600,5.10905,NONE
10.260000,normal,50.00526,0.199544,0.52079,25.0153,0.99958,5.00416,5.10969,NONE
10.270000,normal,50.00500,0.199973,0.46324,25.0119,1.00186,4.98678,5.10569,NONE
10.280000,normal,49.99676,0.199798,0.50331,25.0198,1.00002,5.00995,5.08516,NONE
10.290000,normal,50.00170,0.199731,0.51060,25.0302,0.99845,4.98601,5.09818,NONE
10.300000,normal,50.00590,0.199531,0.50747,25.0251,0.99893,4.99205,5.08989,NONE
10.310000,normal,50.00219,0.200187,0.49334,25.0280,1.00167,4.99766,5.10064,NONE
10.320000,normal,49.99505,0.200238,0.51645,25.0220,0.99823,4.99705,5.09842,NONE
10.330000,normal,49.99595,0.199852,0.48235,25.0290,0.99855,4.99653,5.09767,NONE
10.340000,normal,50.00443,0.200138,0.51671,25.0212,0.99808,4.99877,5.11031,NONE
10.350000,normal,49.99757,0.199754,0.49591,25.0188,1.00066,4.99734,5.10066,NONE
10.360000,normal,49.99475,0.200387,0.52808,25.0203,1.00006,5.01099,5.10888,NONE
10.370000,normal,50.00587,0.199696,0.51716,25.0213,0.99890,4.99235,5.09709,NONE
10.380000,normal,50.00059,0.200293,0.53890,25.0204,1.00048,5.01323,5.10815,NONE
10.390000,normal,50.00614,0.199880,0.54995,25.0258,0.99814,5.01072,5.09976,NONE
10.400000,normal,50.00350,0.199747,0.47546,25.0173,1.00200,4.99346,5.08954,NONE
10.410000,normal,50.00213,0.199915,0.46994,25.0223,0.99884,5.01451,5.10465,NONE
10.420000,normal,49.99795,0.199632,0.54680,25.0232,1.00138,5.00998,5.09905,NONE
10.430000,normal,49.99439,0.200398,0.45821,25.0208,1.00101,4.98960,5.09781,NONE
10.440000,normal,49.99619,0.199615,0.45056,25.0125,0.99885,4.99095,5.10916,NONE
10.450000,normal,49.99464,0.200047,0.51557,25.0183,1.00107,4.99706,5.09920,NONE
10.460000,normal,49.99477,0.200185,0.53570,25.0207,0.99916,4.98521,5.11214,NONE
10.470000,normal,50.00161,0.200410,0.50388,25.0151,0.99986,4.99337,5.10646,NONE
10.480000,normal,49.99272,0.200044,0.47385,25.0167,1.00168,4.98929,5.10203,NONE
10.490000,normal,49.99545,0.199899,0.45101,25.0260,1.00151,4.98874,5.11201,NONE
10.500000,normal,50.00549,0.199521,0.52414,25.0125,1.00132,5.00450,5.08588,NONE
10.510000,normal,49.99454,0.200087,0.54627,25.0131,0.99929,4.99220,5.09345,NONE
10.520000,normal,50.00569,0.199761,0.46855,25.0237,1.00159,5.00180,5.09975,NONE
10.530000,normal,49.99348,0.200180,0.54841,25.0118,1.00126,4.99422,5.08740,NONE
10.540000,normal,49.99771,0.200422,0.47631,25.0135,0.99879,5.01294,5.10669,NONE
10.550000,normal,50.00376,0.200084,0.48551,25.0124,0.99846,5.00119,5.10297,NONE
10.560000,normal,50.00530,0.199723,0.50885,25.0202,1.00125,4.99996,5.11095,NONE
10.570000,normal,50.00212,0.199965,0.45117,25.0268,0.99940,4.99686,5.10846,NONE
10.580000,normal,49.99419,0.200364,0.53192,25.0148,0.99875,5.00489,5.08993,NONE
10.590000,normal,49.99518,0.200332,0.45063,25.0199,0.99925,5.00104,5.10725,NONE
10.600000,normal,49.99344,0.200224,0.54039,25.0213,1.00120,5.00301,5.10217,NONE
10.610000,normal,50.00561,0.199858,0.53034,25.0177,0.99822,5.01260,5.11199,NONE
10.620000,normal,49.99470,0.200358,0.45452,25.0292,0.99950,4.98876,5.11020,NONE
10.630000,normal,49.99525,0.200168,0.49099,25.0162,1.00001,5.00871,5.11190,NONE
10.640000,normal,50.00443,0.199734,0.49670,25.0249,1.00071,4.99043,5.09064,NONE
10.650000,normal,49.99506,0.199970,0.54341,25.0214,1.00156,5.00190,5.11385,NONE
10.660000,normal,49.99732,0.199950,0.53424,25.0139,0.99988,4.99933,5.10562,NONE
10.670000,normal,49.99315,0.200058,0.47555,25.0281,0.99823,5.00874,5.08542,NONE
10.680000,normal,49.99430,0.199883,0.45973,25.0205,0.99826,4.99859,5.09737,NONE
10.690000,normal,49.99021,0.200065,0.46276,25.0117,1.00015,5.01436,5.11371,NONE
10.700000,normal,50.00390,0.200428,0.50585,25.0128,1.00060,4.99798,5.08797,NONE
10.710000,normal,50.00851,0.200380,0.52972,25.0313,0.99831,5.00355,5.10024,NONE
10.720000,normal,50.00606,0.200273,0.53813,25.0160,1.00157,4.99068,5.10611,NONE
10.730000,normal,50.00771,0.200477,0.46587,25.0169,0.99830,4.98808,5.08567,NONE
10.740000,normal,49.99934,0.199521,0.46809,25.0206,0.99984,4.98813,5.10829,NONE
10.750000,normal,49.99800,0.200012,0.46459,25.0124,1.00150,4.99850,5.09071,NONE
10.760000,normal,50.00300,0.200026,0.46164,25.0291,0.99805,4.99603,5.09177,NONE
10.770000,normal,50.00192,0.199677,0.50466,25.0261,1.00193,5.01309,5.10855,NONE
10.780000,normal,49.99944,0.200156,0.51518,25.0205,0.99882,4.99146,5.10503,NONE
10.790000,normal,49.99934,0.199706,0.47803,25.0240,1.00039,5.01498,5.11041,NONE
10.800000,normal,50.00725,0.200250,0.51498,25.0149,1.00163,5.00309,5.09873,NONE
10.810000,normal,50.00921,0.199578,0.49585,25.0131,1.00050,4.98615,5.09732,NONE
10.820000,normal,50.00699,0.200056,0.51655,25.0284,1.00144,4.98722,5.09912,NONE
10.830000,normal,49.99609,0.200480,0.53249,25.0306,1.00093,4.99232,5.08931,NONE
10.840000,normal,50.00574,0.199841,0.45984,25.0286,1.00098,4.99710,5.08767,NONE
10.850000,normal,49.99159,0.199948,0.49984,25.0270,1.00051,4.99125,5.10455,NONE
10.860000,normal,50.00071,0.200225,0.50557,25.0243,1.00171,5.01499,5.09821,NONE
10.870000,normal,49.99166,0.199519,0.53916,25.0291,1.00032,4.98681,5.10801,NONE
10.880000,normal,49.99086,0.200300,0.51815,25.0231,0.99893,5.00166,5.08636,NONE
10.890000,normal,50.00074,0.199541,0.48008,25.0256,1.00127,4.98794,5.09829,NONE
10.900000,normal,50.00684,0.199627,0.46335,25.0155,1.00126,4.98849,5.09942,NONE
10.910000,normal,50.00603,0.200313,0.50319,25.0119,1.00190,5.00358,5.11461,NONE
10.920000,normal,50.00790,0.200468,0.51533,25.0311,0.99817,4.99049,5.10803,NONE
10.930000,normal,50.00826,0.199801,0.46023,25.0137,1.00070,5.00700,5.11035,NONE
10.940000,normal,50.00800,0.199602,0.50845,25.0212,1.00036,5.00554,5.10768,NONE
10.950000,normal,49.99358,0.200018,0.50950,25.0275,1.00120,5.00469,5.08657,NONE
10.960000,normal,50.00645,0.200377,0.50679,25.0222,1.00101,4.99314,5.08780,NONE
10.970000,normal,49.99314,0.200253,0.52126,25.0303,0.99972,4.99044,5.09622,NONE
10.980000,normal,50.00898,0.199805,0.52857,25.0128,0.99897,4.99697,5.09434,NONE
10.990000,normal,50.00542,0.200273,0.45422,25.0145,0.99842,5.01406,5.08788,NONE
11.000000,normal,49.99810,0.199614,0.53616,25.0129,1.00033,5.00642,5.09565,NONE
11.010000,normal,50.00240,0.199935,0.50562,25.0182,0.99907,5.01041,5.08573,NONE
11.020000,normal,50.00430,0.199737,0.51494,25.0301,1.00125,4.99443,5.09780,NONE
11.030000,normal,50.00476,0.199970,0.45099,25.0155,1.00144,5.00776,5.09914,NONE
11.040000,normal,50.00739,0.199893,0.49872,25.0312,0.99941,4.99001,5.10165,NONE
11.050000,normal,50.00576,0.200488,0.52084,25.0291,0.99908,4.98910,5.10079,NONE
11.060000,normal,49.99696,0.200139,0.48563,25.0181,1.00183,4.99496,5.10596,NONE
11.070000,normal,50.00869,0.199685,0.46726,25.0162,1.00056,5.00522,5.10574,NONE
11.080000,normal,50.00845,0.199732,0.50846,25.0240,0.99988,4.99304,5.10667,NONE
11.090000,normal,49.99041,0.199750,0.45949,25.0273,0.99820,4.99899,5.10396,NONE
11.100000,normal,50.00340,0.199818,0.50845,25.0136,1.00151,4.99732,5.08739,NONE
11.110000,normal,49.99487,0.199780,0.46989,25.0256,1.00128,5.00472,5.09671,NONE
11.120000,normal,50.00430,0.200432,0.49213,25.0183,1.00140,4.98532,5.10950,NONE
11.130000,normal,50.00662,0.199983,0.47800,25.0169,0.99900,5.01066,5.09958,NONE
11.140000,normal,50.00401,0.199689,0.45956,25.0168,1.00056,5.01291,5.09570,NONE
11.150000,normal,49.99637,0.200402,0.48500,25.0147,0.99808,5.01399,5.11457,NONE
11.160000,normal,49.99111,0.199760,0.45882,25.0141,0.99831,4.99470,5.10850,NONE
11.170000,normal,50.00037,0.200073,0.50119,25.0243,0.99914,5.00263,5.09602,NONE
11.180000,normal,50.00422,0.200085,0.47861,25.0273,0.99932,5.01115,5.10935,NONE
11.190000,normal,49.99347,0.199854,0.50168,25.0173,1.00160,5.01417,5.11358,NONE
11.200000,normal,49.99467,0.200020,0.51847,25.0307,0.99897,4.98947,5.10360,NONE
11.210000,normal,49.99372,0.200325,0.54499,25.0301,0.99821,5.00522,5.09570,NONE
11.220000,normal,49.99552,0.199629,0.50646,25.0289,1.00033,5.00733,5.08615,NONE
11.230000,normal,49.99544,0.200089,0.47417,25.0207,1.00033,5.00282,5.11181,NONE
11.240000,normal,49.99102,0.200425,0.54774,25.0146,0.99881,5.00218,5.10211,NONE
11.250000,normal,49.99902,0.199707,0.47434,25.0138,1.00007,4.98798,5.10671,NONE
11.260000,normal,49.99140,0.200218,0.51632,25.0142,0.99957,4.99784,5.08970,NONE
11.270000,normal,49.99104,0.200292,0.50233,25.0211,0.99890,4.99946,5.10952,NONE
11.280000,normal,50.00877,0.199955,0.52666,25.0195,0.99908,5.00881,5.10876,NONE
11.290000,normal,49.99773,0.199654,0.53858,25.0155,0.99926,4.98778,5.08736,NONE
11.300000,normal,49.99771,0.199910,0.47427,25.0217,0.99912,4.99546,5.11224,NONE
11.310000,normal,49.99105,0.199810,0.49495,25.0208,1.00039,4.99418,5.09407,NONE
11.320000,normal,49.99494,0.200104,0.49454,25.0172,1.00012,5.01470,5.08868,NONE
11.330000,normal,50.00000,0.199788,0.45146,25.0261,1.00134,5.01204,5.10268,NONE
11.340000,normal,50.00214,0.199773,0.49016,25.0265,0.99882,5.00501,5.09589,NONE
11.350000,normal,49.99128,0.199883,0.54574,25.0317,1.00058,5.00782,5.09893,NONE
11.360000,normal,49.99180,0.200209,0.49852,25.0211,0.99916,4.99612,5.10872,NONE
11.370000,normal,50.00576,0.200174,0.50791,25.0217,0.99969,5.00910,5.10927,NONE
11.380000,normal,49.99264,0.199978,0.54474,25.0294,1.00124,4.99684,5.09184,NONE
11.390000,normal,50.00948,0.199937,0.47651,25.0326,0.99950,4.98937,5.11215,NONE
11.400000,normal,49.99673,0.200261,0.53332,25.0285,0.99965,5.01387,5.09065,NONE
11.410000,normal,49.99336,0.199953,0.45490,25.0240,1.00061,4.99532,5.11226,NONE
11.420000,normal,49.99928,0.199693,0.50400,25.0326,1.00146,5.00346,5.11461,NONE
11.430000,normal,49.99467,0.200414,0.52744,25.0142,1.00047,5.00390,5.08670,NONE
11.440000,normal,50.00230,0.200387,0.49543,25.0155,0.99984,5.01295,5.08689,NONE
11.450000,normal,50.00659,0.200483,0.45843,25.0309,1.00129,4.98596,5.09599,NONE
11.460000,normal,49.99940,0.199570,0.45668,25.0188,0.99814,4.99181,5.09570,NONE
11.470000,normal,49.99223,0.200363,0.49886,25.0308,0.99968,5.00180,5.10298,NONE
11.480000,normal,49.99888,0.200425,0.50035,25.0207,1.00185,4.99946,5.10710,NONE
11.490000,normal,49.99627,0.200325,0.53395,25.0303,0.99836,5.01423,5.09719,NONE
11.500000,normal,49.99064,0.199875,0.53584,25.0311,0.99916,5.01155,5.10891,NONE
11.510000,normal,49.99326,0.200297,0.47454,25.0204,0.99864,4.99768,5.11113,NONE
11.520000,normal,50.00677,0.200244,0.53627,25.0197,0.99892,5.00391,5.09143,NONE
11.530000,normal,49.99695,0.199707,0.53226,25.0317,1.00176,4.99078,5.10706,NONE
11.540000,normal,50.00155,0.199557,0.51047,25.0207,1.00048,4.98679,5.08671,NONE
11.550000,normal,50.00155,0.200031,0.48090,25.0243,1.00062,4.99455,5.09831,NONE
11.560000,normal,49.99026,0.199754,0.45257,25.0189,0.99986,4.99712,5.09358,NONE
11.570000,normal,50.00505,0.200305,0.49827,25.0165,1.00157,5.00290,5.09626,NONE
11.580000,normal,49.99457,0.199801,0.45799,25.0303,1.00151,4.99652,5.11469,NONE
11.590000,normal,49.99676,0.199501,0.46199,25.0166,1.00134,4.98676,5.09357,NONE
11.600000,normal,49.99059,0.199771,0.50662,25.0185,0.99867,4.99277,5.11472,NONE
11.610000,normal,50.00915,0.200457,0.54464,25.0141,1.00050,5.01066,5.10407,NONE
11.620000,normal,50.00086,0.199860,0.45376,25.0285,1.00144,5.00652,5.08868,NONE
11.630000,normal,49.99706,0.199781,0.47484,25.0249,1.00087,4.99234,5.09044,NONE
11.640000,normal,50.00016,0.200143,0.51739,25.0247,0.99830,5.00790,5.08623,NONE
11.650000,normal,50.00839,0.200182,0.50753,25.0332,1.00171,5.00440,5.10078,NONE
11.660000,normal,49.99188,0.200227,0.53834,25.0152,0.99801,5.00259,5.10657,NONE
11.670000,normal,50.00981,0.199802,0.53499,25.0232,1.00135,5.01302,5.09504,NONE
11.680000,normal,50.00514,0.199842,0.49914,25.0307,0.99828,5.01039,5.08725,NONE
11.690000,normal,50.00001,0.199587,0.47674,25.0253,0.99870,4.98570,5.08959,NONE
11.700000,normal,49.99726,0.200421,0.54852,25.0222,0.99922,5.01314,5.09432,NONE
11.710000,normal,50.00368,0.200496,0.46670,25.0272,0.99920,5.00789,5.09467,NONE
11.720000,normal,50.00857,0.199905,0.47379,25.0154,1.00147,4.98967,5.11032,NONE
11.730000,normal,50.00185,0.199552,0.51729,25.0212,0.99891,5.01126,5.11197,NONE
11.740000,normal,50.00380,0.199949,0.52308,25.0192,0.99920,4.99598,5.11319,NONE
11.750000,normal,50.00055,0.200344,0.53773,25.0247,0.99847,5.00365,5.10969,NONE
11.760000,normal,49.99126,0.200425,0.48531,25.0317,0.99960,4.99467,5.10576,NONE
11.770000,normal,50.00089,0.199774,0.52469,25.0262,1.00169,5.00681,5.09795,NONE
11.780000,normal,49.99505,0.200243,0.51922,25.0191,0.99892,4.99214,5.10276,NONE
11.790000,normal,49.99083,0.199577,0.48319,25.0194,1.00025,4.99265,5.10874,NONE
11.800000,normal,49.99267,0.200008,0.46460,25.0204,0.99867,4.99045,5.11319,NONE
11.810000,normal,50.00358,0.199551,0.48116,25.0244,1.00046,4.99547,5.11014,NONE
11.820000,normal,49.99643,0.199609,0.50051,25.0233,1.00109,4.99683,5.10178,NONE
11.830000,normal,50.00042,0.199508,0.54832,25.0318,1.00032,4.99656,5.08509,NONE
11.840000,normal,49.99883,0.200350,0.51832,25.0333,0.99815,4.99224,5.08591,NONE
11.850000,normal,50.00911,0.199903,0.50483,25.0299,0.99952,5.01279,5.09795,NONE
11.860000,normal,49.99536,0.200489,0.48238,25.0306,1.00155,4.99519,5.10629,NONE
11.870000,normal,50.00287,0.199719,0.50477,25.0258,1.00045,4.99187,5.08908,NONE
11.880000,normal,50.00964,0.199883,0.54004,25.0327,0.99882,5.01356,5.10150,NONE
11.890000,normal,49.99135,0.199897,0.50923,25.0233,1.00150,5.00774,5.08588,NONE
11.900000,normal,49.99125,0.199586,0.54614,25.0207,1.00087,4.98796,5.11219,NONE
11.910000,normal,49.99521,0.200105,0.52006,25.0140,0.99929,5.00016,5.10950,NONE
11.920000,normal,50.00269,0.199643,0.46724,25.0180,0.99935,5.00206,5.09924,NONE
11.930000,normal,50.00058,0.200274,0.51524,25.0214,1.00180,5.00689,5.10737,NONE
11.940000,normal,49.99487,0.199644,0.45727,25.0253,1.00033,4.98985,5.08661,NONE
11.950000,normal,50.00075,0.199999,0.48504,25.0203,0.99817,4.99412,5.09395,NONE
11.960000,normal,49.99569,0.199786,0.53253,25.0182,0.99835,5.00468,5.09292,NONE
11.970000,normal,50.00078,0.199753,0.48266,25.0305,1.00000,4.98622,5.10299,NONE
11.980000,normal,50.00198,0.199934,0.54912,25.0283,0.99984,4.99052,5.10030,NONE
11.990000,normal,50.00739,0.199866,0.52884,25.0237,1.00193,4.99754,5.10589,NONE
